Country Name,Country Code,Series Name,Series Code,1996 [YR1996],1998 [YR1998],2000 [YR2000],2002 [YR2002],2003 [YR2003],2004 [YR2004],2005 [YR2005],2006 [YR2006],2007 [YR2007],2008 [YR2008],2009 [YR2009],2010 [YR2010],2011 [YR2011],2012 [YR2012],2013 [YR2013],2014 [YR2014],2015 [YR2015],2016 [YR2016],2017 [YR2017],2018 [YR2018],2019 [YR2019],2020 [YR2020],2021 [YR2021],2022 [YR2022]
Afghanistan,AFG,Political Stability and Absence of Violence/Terrorism: Estimate,PV.EST,-2.417309523,-2.427354574,-2.438968897,-2.035033703,-2.198372364,-2.295682192,-2.06750989,-2.219134569,-2.41337347,-2.69136095,-2.71142149,-2.579151869,-2.502059698,-2.418561459,-2.519349098,-2.411068439,-2.56262517,-2.662156105,-2.794973612,-2.753262043,-2.652406931,-2.702631712,-2.518530369,-2.550801754
Albania,ALB,Political Stability and Absence of Violence/Terrorism: Estimate,PV.EST,-0.336625129,-0.544004202,-0.539989591,-0.297719181,-0.30978024,-0.427259684,-0.505047977,-0.508157313,-0.203974649,-0.030500913,-0.045140512,-0.191482902,-0.282379419,-0.143631592,0.091929786,0.485986233,0.341639042,0.337447882,0.37376982,0.366642982,0.11004968,0.088576451,0.196294025,0.114945494
Algeria,DZA,Political Stability and Absence of Violence/Terrorism: Estimate,PV.EST,-1.783310533,-1.8789047,-1.432577372,-1.634565115,-1.754409075,-1.359188437,-0.91366601,-1.126413465,-1.150585532,-1.095846295,-1.196913481,-1.259367585,-1.360560656,-1.325043321,-1.202371478,-1.190535188,-1.090786576,-1.099741936,-0.919614136,-0.84212178,-1.055829883,-0.847814322,-0.992437243,-0.741771519
American Samoa,ASM,Political Stability and Absence of Violence/Terrorism: Estimate,PV.EST,..,..,..,..,..,0.736926496,0.746284068,0.703987658,0.967931151,0.984463036,0.945724666,0.919146717,0.93399018,0.95299083,0.928985775,1.08068347,1.151678085,1.158555984,1.184322,1.166080236,1.145717978,1.09160161,1.068576336,1.128859043
Andorra,AND,Political Stability and Absence of Violence/Terrorism: Estimate,PV.EST,1.169522166,1.182875156,1.166981459,1.282766938,1.465131164,1.402106047,1.384927273,1.349654078,1.342015743,1.338472128,1.297139525,1.278272152,1.302488327,1.290351152,1.28392601,1.286593318,1.365985394,1.382750273,1.39288795,1.391008735,1.577211499,1.588571787,1.581067443,1.587736487
Angola,AGO,Political Stability and Absence of Violence/Terrorism: Estimate,PV.EST,-2.061917305,-2.318058491,-2.038173914,-1.576179862,-1.00738585,-1.063120604,-0.885178328,-0.539453447,-0.666658759,-0.361787379,-0.347591847,-0.226182342,-0.36923781,-0.389322549,-0.391233474,-0.333232045,-0.505385816,-0.321580082,-0.389134824,-0.347750902,-0.370094687,-0.600726008,-0.709369481,-0.64624089
Anguilla,AIA,Political Stability and Absence of Violence/Terrorism: Estimate,PV.EST,..,..,..,..,..,0.788184822,1.189666033,1.104799986,1.085738063,1.112509608,0.868718088,1.373761654,1.550927639,1.476920247,1.533979535,1.164254904,1.220001817,1.284042716,1.358389258,1.254837275,1.316908598,1.503742933,1.528599858,1.128859043
Antigua and Barbuda,ATG,Political Stability and Absence of Violence/Terrorism: Estimate,PV.EST,0.717076898,0.728511989,0.713235021,0.792559922,0.865690112,1.084635615,0.830512524,0.799820721,0.802670181,0.813891828,0.721793532,0.904999375,0.957588255,0.975788057,0.958863378,0.984550714,0.987564266,0.859249651,0.732059717,0.822919726,0.937967896,0.929504931,0.949530005,0.943862259
Argentina,ARG,Political Stability and Absence of Violence/Terrorism: Estimate,PV.EST,0.111376882,-0.13464959,0.095823877,-0.776545405,-0.359838128,-0.610934913,-0.041774943,0.001967763,0.097796634,-0.087755688,-0.234854579,-0.084797867,0.158993661,0.103040546,0.065314263,-0.005121871,0.008764135,0.197749898,0.162541434,0.006809914,-0.097864307,-0.072026245,0.000468279,-0.009163282
Armenia,ARM,Political Stability and Absence of Violence/Terrorism: Estimate,PV.EST,-0.364998609,-0.662787318,-0.682867944,-0.255784124,0.236966237,-0.116337486,-0.066335395,-0.26102376,0.150905833,-0.006853028,0.227863356,0.071855329,-0.063868985,0.154794976,0.110385142,-0.2971358,-0.256798655,-0.667951107,-0.626211226,-0.451120526,-0.420044243,-0.771642268,-0.804036558,-0.797183931
Aruba,ABW,Political Stability and Absence of Violence/Terrorism: Estimate,PV.EST,..,..,..,..,..,0.993218184,1.376415968,1.303460598,1.286568522,1.316395998,1.121554255,1.100847363,1.285737753,1.263881564,1.312226295,1.164567828,1.21023953,1.260758519,1.313844323,1.337275505,1.335668564,1.371497393,1.431547046,1.474684358
Australia,AUS,Political Stability and Absence of Violence/Terrorism: Estimate,PV.EST,1.39611268,1.06650126,1.333964705,1.18941462,0.878117204,0.935463548,0.891707659,0.9344666,0.92887491,0.954700112,0.855120599,0.888859868,0.935710073,0.997997224,1.031072974,1.032191992,0.873180687,1.033424497,0.876146674,0.970811963,0.917313099,0.861676931,0.835315883,0.933572054
Austria,AUT,Political Stability and Absence of Violence/Terrorism: Estimate,PV.EST,1.410462856,1.110600591,0.822056413,1.358955383,0.962002456,1.0896492,1.103950024,1.07445085,1.284419298,1.339270592,1.190873981,1.152648211,1.193521619,1.340566874,1.364100575,1.270700455,1.129330516,0.892175972,1.029623389,0.884671748,0.892080426,0.887528837,0.899418652,0.637995362
Azerbaijan,AZE,Political Stability and Absence of Violence/Terrorism: Estimate,PV.EST,-0.828929543,-0.702288449,-0.829794765,-1.185364962,-0.948100388,-1.059811115,-1.124819398,-1.092682362,-0.625996411,-0.330349982,-0.277853519,-0.238546923,-0.532135963,-0.715751827,-0.412859917,-0.559909523,-0.73391664,-0.80890882,-0.751900971,-0.711426675,-0.693412125,-0.852247477,-0.837816358,-0.931885719
"Bahamas, The",BHS,Political Stability and Absence of Violence/Terrorism: Estimate,PV.EST,1.071017742,1.087325573,1.279531837,0.955541909,0.826347828,0.890613675,0.938143432,0.810453713,0.730122447,0.774532914,0.859580457,0.993692219,1.103621483,1.184026003,1.134824634,0.956470132,0.894982457,0.959943354,0.976761103,0.847560644,0.801466107,0.830237448,0.850836754,0.883432567
Bahrain,BHR,Political Stability and Absence of Violence/Terrorism: Estimate,PV.EST,-0.307817906,-0.162360102,0.056266963,0.290830374,0.483918995,0.313402563,0.014162739,-0.365050614,-0.247773513,-0.237366229,-0.137239441,-0.493476391,-0.950841904,-1.129954934,-1.335417747,-0.907474875,-1.068262696,-0.792700231,-0.958746016,-0.846307814,-0.626835167,-0.61010927,-0.524779737,-0.407028496
Bangladesh,BGD,Political Stability and Absence of Violence/Terrorism: Estimate,PV.EST,-0.54881525,-0.370746762,-0.726261258,-1.032590389,-1.115581155,-1.360476375,-1.863839388,-1.507097363,-1.543071628,-1.508331299,-1.546771407,-1.425789475,-1.404736876,-1.379088998,-1.627858877,-0.895563185,-1.209773779,-1.259732962,-1.253626704,-0.985568643,-0.928613365,-0.915807784,-1.036632776,-1.092371106
Barbados,BRB,Political Stability and Absence of Violence/Terrorism: Estimate,PV.EST,1.050371766,1.084265828,1.151199818,1.097199082,0.918948591,1.094352722,1.112918854,0.913211882,1.044206381,1.068358302,1.047740698,1.06063664,1.246130109,1.185965657,1.26692915,1.277919888,1.116827726,0.960008144,0.952523887,0.900504649,1.032812834,1.120577455,1.118416667,1.15202713
Belarus,BLR,Political Stability and Absence of Violence/Terrorism: Estimate,PV.EST,0.093739204,0.10947556,0.139502242,0.30280596,0.69302994,0.161766872,0.360231072,0.148469687,0.341008782,0.521403909,0.489347756,-0.094990097,-0.087769009,0.06861522,0.005959166,0.179782152,0.110905699,0.135706261,-0.057209238,0.353457749,0.344906747,-0.887608171,-0.754245222,-0.793873549
Belgium,BEL,Political Stability and Absence of Violence/Terrorism: Estimate,PV.EST,1.288499475,1.024129868,1.129811168,1.260802388,0.858237803,0.709136724,0.793774188,0.856375813,0.757325053,0.620571196,0.820824683,0.810646176,0.954535425,0.92359972,0.940082729,0.701269448,0.577092111,0.42960611,0.417606324,0.393630445,0.458316237,0.521023035,0.662566304,0.575668812
Belize,BLZ,Political Stability and Absence of Violence/Terrorism: Estimate,PV.EST,0.559152126,0.596629977,0.184220716,0.417992562,0.486082047,0.401561916,0.104911745,0.08197704,0.194921583,0.190071985,0.028430205,0.070427686,0.15190886,0.180257618,0.176189259,0.048583075,0.037259512,0.052189551,0.030403515,-0.002222205,0.061934385,0.518612146,0.272381902,0.426349759
Benin,BEN,Political Stability and Absence of Violence/Terrorism: Estimate,PV.EST,1.050371766,0.742279053,0.799652576,0.821515858,0.679285824,0.265973479,0.449746281,0.54789257,0.386217624,0.376421362,0.403666675,0.261260122,0.318356365,0.364367604,0.301189363,0.027139762,-0.020496422,-0.008783503,0.026251886,-0.147074759,-0.420259506,-0.443083793,-0.396347791,-0.349461377
Bermuda,BMU,Political Stability and Absence of Violence/Terrorism: Estimate,PV.EST,0.717076898,0.728511989,0.713235021,0.792559922,0.851720035,0.893765926,0.819073558,0.774651468,0.771330535,0.795972288,0.693532228,0.911838114,0.964122117,0.980253696,0.970303059,0.913897812,0.961817384,0.975613654,0.98148948,1.133034587,1.051399589,1.00336504,1.002396107,1.034533978
Bhutan,BTN,Political Stability and Absence of Violence/Terrorism: Estimate,PV.EST,0.724004507,0.539632082,0.491936684,0.693675578,0.918948591,1.172050357,1.284487367,1.264518976,0.568526506,0.720669389,0.803496659,0.742221653,0.826495349,0.77630949,0.784624875,1.068038583,0.960772634,1.106088281,1.102793097,1.077452898,1.065351009,1.013411403,0.797127724,0.864817739
Bolivia,BOL,Political Stability and Absence of Violence/Terrorism: Estimate,PV.EST,-0.134768322,-0.241092369,-0.237061173,-0.286515564,-0.83488518,-0.680570841,-0.971029878,-0.802562952,-0.852070689,-0.696565807,-0.506110489,-0.415407211,-0.417126507,-0.458068103,-0.328593433,-0.333112091,-0.270498693,-0.253675967,-0.280111223,-0.28669095,-0.728338599,-0.453478873,-0.278813034,-0.283260942
Bosnia and Herzegovina,BIH,Political Stability and Absence of Violence/Terrorism: Estimate,PV.EST,-0.594427824,-0.58641547,-0.528393328,-0.163837284,-0.405683517,0.017319396,-0.500624359,-0.441336751,-0.631416619,-0.539653778,-0.665914297,-0.693730175,-0.819794893,-0.538148701,-0.404944122,-0.019179042,-0.404167622,-0.402664006,-0.351470172,-0.400912255,-0.424830645,-0.447489053,-0.421767116,-0.43937102
Botswana,BWA,Political Stability and Absence of Violence/Terrorism: Estimate,PV.EST,1.015245199,0.955491304,1.074352503,0.873264432,1.104937553,0.91668874,1.063572526,1.017109871,1.056139112,1.033105612,0.953861237,0.991209805,1.064446568,1.104041457,1.102347016,1.011847138,1.031368256,0.979198039,1.009294391,0.958273768,1.095207453,1.013090372,1.041259646,1.077516079
Brazil,BRA,Political Stability and Absence of Violence/Terrorism: Estimate,PV.EST,-0.220460132,-0.339505792,0.184101626,0.327800274,0.004213934,-0.275992811,-0.263379753,-0.294911116,-0.357948095,-0.313424706,0.163664222,0.013475911,-0.132575423,0.045961641,-0.258553296,-0.070290133,-0.331864446,-0.38103506,-0.480093956,-0.459640145,-0.714393616,-0.445607245,-0.41969654,-0.3314659
Brunei Darussalam,BRN,Political Stability and Absence of Violence/Terrorism: Estimate,PV.EST,1.237043977,1.111638665,1.302023292,1.155532122,1.144425869,1.369434714,1.212659836,1.12335515,1.107106924,1.125619054,1.387126684,1.277547002,1.085193753,0.909327209,1.074022293,1.261507034,1.233712554,1.142017841,1.153425217,1.235813618,1.110963702,1.187998414,1.171651721,1.257367969
Bulgaria,BGR,Political Stability and Absence of Violence/Terrorism: Estimate,PV.EST,-0.091028079,0.57502526,0.377964616,0.467512369,0.173525497,0.003630734,0.14727059,0.39442119,0.357635468,0.369860709,0.353678972,0.36009106,0.301750302,0.379833996,0.170710385,0.078540899,0.010424642,0.068279371,0.321378797,0.444267064,0.561198294,0.40158087,0.364647597,0.24625206
Burkina Faso,BFA,Political Stability and Absence of Violence/Terrorism: Estimate,PV.EST,-0.300746202,-0.112211242,0.059820332,-0.306921244,0.067120068,-0.081237517,-0.062652916,0.155799553,0.307008684,0.118724599,0.034040287,-0.117637143,-0.555381477,-0.573129237,-0.763390124,-0.787128568,-0.609127343,-0.868710697,-0.927885592,-1.060256481,-1.30215323,-1.537941337,-1.642869711,-1.782517433
Burundi,BDI,Political Stability and Absence of Violence/Terrorism: Estimate,PV.EST,-2.11674881,-2.29753232,-2.014070749,-2.284772396,-2.244831324,-2.522759676,-1.523378015,-1.427773476,-1.377925158,-1.636498332,-1.271442652,-1.625959396,-1.807200432,-1.70473814,-1.350277543,-0.784407139,-1.937446117,-1.964375138,-2.002573967,-1.570218563,-1.624993443,-1.542314768,-1.258357525,-1.188869476
Cabo Verde,CPV,Political Stability and Absence of Violence/Terrorism: Estimate,PV.EST,1.035551429,1.113963246,1.223599792,0.72962153,0.918948591,1.039301276,0.754638612,0.962325037,0.877260089,0.813386321,0.818449318,0.840972781,0.722605228,0.809086382,0.777999878,0.350779146,0.855819821,0.87119019,0.762864292,0.833078504,0.859521031,0.874160886,0.894233108,0.929428399
Cambodia,KHM,Political Stability and Absence of Violence/Terrorism: Estimate,PV.EST,-1.104553103,-1.264929175,-0.77603066,-0.722165346,-0.652008533,-0.407748282,-0.393915474,-0.345979184,-0.363606304,-0.298690915,-0.560373843,-0.50098443,-0.304419667,-0.103577204,-0.136436149,0.023174802,0.063348144,0.20619081,0.093508989,0.110811263,-0.075531386,-0.209088624,-0.131573156,-0.036172446
Cameroon,CMR,Political Stability and Absence of Violence/Terrorism: Estimate,PV.EST,-0.956391931,-0.784960151,-0.564015806,-0.67726481,-0.429470658,-0.359356344,-0.182024568,-0.24470523,-0.326108962,-0.55211091,-0.474782139,-0.736971438,-0.66168797,-0.588517427,-0.532237291,-1.059252381,-0.989914,-1.061213017,-1.091504693,-1.401759028,-1.561764836,-1.513643622,-1.394035697,-1.352949023
Canada,CAN,Political Stability and Absence of Violence/Terrorism: Estimate,PV.EST,1.234051704,0.950881243,1.167526841,1.218031764,1.053076744,0.876447499,0.82872504,1.034956574,1.007010698,1.041372657,1.127075911,0.936318219,1.077175736,1.113016248,1.061421752,1.17550385,1.26233685,1.240411639,1.089679599,0.963774383,0.994817913,1.013104677,0.962195992,0.772814035
Cayman Islands,CYM,Political Stability and Absence of Violence/Terrorism: Estimate,PV.EST,0.717076898,0.728511989,0.713235021,0.792559922,0.851720035,1.234749317,1.189666033,1.104799986,1.085738063,1.112509608,1.09262681,1.149637938,1.336360812,0.959384382,1.017615318,1.04634726,1.1286937,1.1407758,1.162609696,1.110623479,1.401382208,1.456373334,1.624580383,1.649437666
Central African Republic,CAF,Political Stability and Absence of Violence/Terrorism: Estimate,PV.EST,-1.211729646,-1.141749382,-1.12044251,-1.733406186,-1.538873434,-1.424244881,-1.427994967,-1.851551533,-1.857264042,-1.843814135,-1.903989911,-2.020625353,-1.789389133,-1.852922916,-2.154896736,-2.699193239,-1.89358747,-1.779548764,-1.993532181,-2.172087193,-2.13577795,-2.236208916,-2.12673974,-2.162472963
Chad,TCD,Political Stability and Absence of Violence/Terrorism: Estimate,PV.EST,-0.998601556,-1.306433678,-1.134754062,-1.559618831,-1.372430205,-1.539456844,-1.442237139,-1.831755042,-1.868080497,-1.965196609,-1.726229668,-1.524827719,-1.318085194,-1.044117332,-1.089472294,-1.568882704,-0.973281741,-1.301894188,-1.286392093,-1.477965355,-1.350407004,-1.255195975,-1.389812827,-1.483703375
Chile,CHL,Political Stability and Absence of Violence/Terrorism: Estimate,PV.EST,0.676454544,0.033281282,0.485464156,1.088796377,0.761611938,0.691341698,0.842383623,0.613005877,0.406370878,0.431912959,0.602584422,0.67960453,0.452553362,0.331102103,0.36374253,0.447516918,0.424871743,0.402406216,0.406280667,0.412628829,-0.016168356,0.044010442,0.161352158,0.118578859
China,CHN,Political Stability and Absence of Violence/Terrorism: Estimate,PV.EST,-0.097848825,-0.394105226,-0.209916875,-0.327627182,-0.565357924,-0.390680671,-0.501756608,-0.540030122,-0.500553727,-0.493088424,-0.451781332,-0.657060683,-0.602054834,-0.53878206,-0.543789923,-0.522584021,-0.552559674,-0.502221346,-0.232558474,-0.298641503,-0.259810865,-0.473098785,-0.516728878,-0.441073626
Colombia,COL,Political Stability and Absence of Violence/Terrorism: Estimate,PV.EST,-1.6478585,-1.793921709,-1.608960748,-1.956714392,-2.376026869,-2.271226406,-2.057942867,-1.90479672,-1.806527257,-1.853462338,-1.832345843,-1.537184834,-1.284655571,-1.401810408,-1.291971803,-1.114594102,-1.072663784,-0.887163997,-0.779457688,-0.806959629,-0.979467273,-0.701150596,-0.954557538,-0.641925931
Comoros,COM,Political Stability and Absence of Violence/Terrorism: Estimate,PV.EST,0.507538915,0.564976454,0.02275865,0.402049303,-0.673140526,-0.163161784,-0.436263949,-0.360273153,-1.095457792,-1.107211709,-0.76526773,-0.562939286,-0.552736104,-0.452308029,-0.256929189,-0.186910167,-0.24447161,0.022001922,0.022407399,-0.361675262,-0.17683351,-0.28740406,-0.228033617,-0.230514869
"Congo, Dem. Rep.",COD,Political Stability and Absence of Violence/Terrorism: Estimate,PV.EST,-2.682812929,-2.847851753,-2.474238157,-1.975927949,-2.02786994,-2.387764215,-2.128561497,-2.246732235,-2.178499937,-2.003076315,-2.000982761,-2.196742058,-2.21298933,-2.085892916,-2.192190647,-2.167921305,-2.138853312,-2.224589348,-2.339438915,-2.080746651,-1.624438524,-1.785483599,-1.657812476,-1.977746248
"Congo, Rep.",COG,Political Stability and Absence of Violence/Terrorism: Estimate,PV.EST,-1.224944949,-1.50108397,-0.922982037,-1.587167978,-1.170220375,-1.190597773,-1.165839434,-0.923411787,-0.771577418,-0.721322358,-0.250487626,-0.316415846,-0.35430038,-0.489689857,-0.475050122,-0.359291583,-0.5291273,-0.523459077,-0.533614933,-0.348402858,-0.299301684,-0.213065609,-0.229479313,-0.016906014
Cook Islands,COK,Political Stability and Absence of Violence/Terrorism: Estimate,PV.EST,..,..,..,..,..,..,..,..,..,..,1.144098997,1.322361231,..,..,..,..,..,..,..,0.933196068,1.120247364,1.15194726,1.148515224,1.158820033
Costa Rica,CRI,Political Stability and Absence of Violence/Terrorism: Estimate,PV.EST,0.7530514,0.903728962,0.868542314,1.068694472,0.59575659,0.631576538,0.708228171,0.736050129,0.582772672,0.359765232,0.587060392,0.691537201,0.508276045,0.638402462,0.677918017,0.577418208,0.669974029,0.648553014,0.597006142,0.453240991,0.430242807,0.746752381,0.860289991,0.954446793
Cote d'Ivoire,CIV,Political Stability and Absence of Violence/Terrorism: Estimate,PV.EST,0.033416919,-0.203814626,-1.240804076,-1.919733882,-1.803262711,-2.114921093,-2.259528875,-1.861868382,-1.839572787,-1.804067373,-1.320862532,-1.583894253,-1.405807614,-1.263461113,-1.048724174,-1.037160635,-0.835078061,-0.909238815,-1.091115832,-0.898008049,-1.036474109,-1.033205271,-0.715018511,-0.516378641
Croatia,HRV,Political Stability and Absence of Violence/Terrorism: Estimate,PV.EST,-0.03835905,0.067885965,0.28022489,0.628807724,0.558495879,0.686754405,0.434474081,0.560829282,0.605396986,0.57365191,0.61292696,0.608463645,0.62374711,0.606891453,0.64266789,0.619112372,0.586513638,0.654191136,0.681904495,0.793498814,0.685416102,0.607223809,0.62148279,0.612161279
Cuba,CUB,Political Stability and Absence of Violence/Terrorism: Estimate,PV.EST,0.231270432,0.007875389,0.248432532,0.263644099,0.316652775,0.355422109,0.424785823,0.474477261,0.450941592,0.524226606,0.356679857,0.349292427,0.280382127,0.307248294,0.37056464,0.544822037,0.634750009,0.673131645,0.638509929,0.640438855,0.610411108,0.596087813,0.392701924,0.499521583
Cyprus,CYP,Political Stability and Absence of Violence/Terrorism: Estimate,PV.EST,0.38775152,0.222172737,0.517499864,0.199420601,0.532275915,0.380177587,0.517519236,0.539664984,0.537055731,0.639003932,0.390287489,0.452444822,0.607984483,0.635126054,0.563347161,0.551882088,0.542449117,0.593786836,0.530973077,0.484394073,0.544513285,0.288732588,0.422054201,0.41863507
Czechia,CZE,Political Stability and Absence of Violence/Terrorism: Estimate,PV.EST,1.147758007,0.899568975,0.332739621,1.044100642,0.887058139,0.653875828,0.936384082,1.053728819,1.015414,1.049879551,0.90582937,0.989233732,1.109117627,1.054106116,1.084778547,0.989990473,0.970251083,0.963384211,0.990649343,1.02620995,0.941883624,0.91225487,0.947398126,0.81544137
Denmark,DNK,Political Stability and Absence of Violence/Terrorism: Estimate,PV.EST,1.441964746,1.431966305,1.50106895,1.52424407,1.203815699,1.084337354,1.073495388,1.046792865,1.118189216,1.065386772,1.001182675,1.040961027,1.10029304,0.914910674,0.959233463,0.951779723,0.887059271,0.852912426,0.854936242,0.931788921,0.967484951,0.920160234,0.928524494,0.865008831
Djibouti,DJI,Political Stability and Absence of Violence/Terrorism: Estimate,PV.EST,-0.339192003,-0.964446723,-0.241125971,-0.313102961,-0.912803233,-0.344115853,-0.812229693,-0.262578547,-0.123644054,0.268389225,0.494239002,0.253481269,0.177703246,0.160619214,-0.102187522,-0.77023226,-0.44767192,-0.628553987,-0.733945012,-0.133512378,-0.343412548,-0.448214263,-0.56633985,-0.508419454
Dominica,DMA,Political Stability and Absence of Violence/Terrorism: Estimate,PV.EST,0.717076898,0.728511989,0.486361712,0.547456384,0.672486365,0.945150733,0.829529405,0.909698367,0.787364066,0.911906004,0.665553093,0.903117776,1.139158607,0.980585456,1.119856238,1.05717814,1.054432034,0.9776631,1.172775149,1.068851233,1.029823542,1.316998243,1.333959103,1.298232317
Dominican Republic,DOM,Political Stability and Absence of Violence/Terrorism: Estimate,PV.EST,-0.075660296,-0.416316986,0.012947378,0.118558995,-0.419894457,-0.344310492,-0.258760691,-0.109803066,-0.07857246,-0.03800771,-0.002735103,-0.044954035,-0.00048185,0.252366811,0.207428694,0.145934492,0.227570921,0.241259411,0.15207319,0.012199945,-0.003159933,0.164941698,0.287300646,0.328113049
Ecuador,ECU,Political Stability and Absence of Violence/Terrorism: Estimate,PV.EST,-0.77003324,-0.162388325,-0.572284937,-0.759720922,-0.96105659,-0.842910349,-0.793961823,-0.853825331,-0.815987229,-0.728682399,-0.673675776,-0.586674452,-0.686557531,-0.57030648,-0.178656712,-0.018533209,-0.147344977,-0.091710433,-0.078932591,-0.094810791,-0.238249406,-0.270263135,-0.257427931,-0.239295244
"Egypt, Arab Rep.",EGY,Political Stability and Absence of Violence/Terrorism: Estimate,PV.EST,-0.526031971,-0.020769719,0.049797524,-0.414172113,-0.640924513,-0.822401702,-0.629358649,-0.837807655,-0.552382112,-0.510431707,-0.607227087,-0.898418307,-1.437057018,-1.436329722,-1.6388309,-1.631176591,-1.49933219,-1.43972683,-1.429645181,-1.188100696,-1.124602079,-1.181911707,-1.032840967,-1.028056622
El Salvador,SLV,Political Stability and Absence of Violence/Terrorism: Estimate,PV.EST,-0.215370372,0.090679064,0.329205334,0.293994129,-0.180753872,-0.069100976,-0.033760875,-0.168158025,-0.007270731,0.039393112,-0.007116277,0.058842227,0.111001194,0.234583974,-0.033658903,-0.024590004,-0.020496048,-0.104568757,-0.263820618,-0.389219522,-0.120268002,-0.115019135,-0.09154629,-0.153124496
Equatorial Guinea,GNQ,Political Stability and Absence of Violence/Terrorism: Estimate,PV.EST,-0.131352261,-0.080597825,-0.035038944,-0.514396369,0.114630744,-0.059478026,-0.386098802,0.1687904,0.256654739,0.207544371,0.3733024,0.236128226,0.150343806,0.232703447,0.120355181,-0.374146551,-0.207799196,-0.14674297,-0.172020316,-0.090242371,-0.147936091,-0.22158289,-0.20278056,-0.074253544
Eritrea,ERI,Political Stability and Absence of Violence/Terrorism: Estimate,PV.EST,-0.936975658,-0.970755875,-0.768895209,-0.267155766,-0.719599485,-0.639386833,-0.795017481,-0.900216937,-1.04984796,-0.710803747,-0.680884719,-0.875592828,-0.76640439,-0.702197254,-0.772372127,-0.805872619,-0.878453434,-0.662282407,-0.733444393,-0.609398246,-0.705968618,-0.992728472,-1.055657029,-0.970292985
Estonia,EST,Political Stability and Absence of Violence/Terrorism: Estimate,PV.EST,0.767924547,0.657050669,0.902080297,0.927854419,0.894786239,0.703926206,0.605274677,0.736678243,0.634109557,0.571973562,0.567619026,0.661366999,0.611041307,0.636465192,0.748215437,0.780257881,0.613857269,0.662796259,0.642369628,0.580257714,0.630106986,0.709752977,0.748466134,0.723720729
Eswatini,SWZ,Political Stability and Absence of Violence/Terrorism: Estimate,PV.EST,-0.206821382,-0.005001639,0.037518527,0.126366228,0.066245928,-0.00466019,-0.39314878,-0.27087,0.048026636,-0.077395976,-0.014716631,-0.076072693,-0.479735821,-0.407692343,-0.431911141,-0.500559747,-0.480209202,-0.494323075,-0.270877749,-0.377810627,-0.274407119,-0.040577199,-0.34604305,-0.24972333
Ethiopia,ETH,Political Stability and Absence of Violence/Terrorism: Estimate,PV.EST,-1.054742932,-0.63226676,-0.946032107,-1.225845575,-1.40960443,-1.312491655,-1.690383315,-1.740132213,-1.806409359,-1.732120633,-1.641072273,-1.635101199,-1.50696373,-1.564271331,-1.407307386,-1.339387417,-1.496942043,-1.617245197,-1.677229643,-1.274579644,-1.303721905,-1.753656149,-2.183713198,-2.038067579
Fiji,FJI,Political Stability and Absence of Violence/Terrorism: Estimate,PV.EST,0.830568552,0.856274605,0.301403165,0.473941058,0.452653438,0.389960021,0.386921287,-0.034058049,0.061876796,-0.066948675,-0.27288565,-0.190827519,-0.071288198,-0.067774832,-0.051027689,0.553164601,0.569660664,0.897029459,0.586045206,0.833207309,0.779773772,0.661915123,0.724108815,0.764339507
Finland,FIN,Political Stability and Absence of Violence/Terrorism: Estimate,PV.EST,1.412718773,1.473387837,1.720112085,1.75318408,1.687017441,1.61962688,1.594946861,1.501111031,1.488697052,1.445868373,1.459671497,1.423606873,1.393471003,1.400765181,1.385172486,1.282197237,1.027998209,0.982591867,1.063806653,0.891700327,0.835154116,0.981748819,0.963134944,0.891491711
France,FRA,Political Stability and Absence of Violence/Terrorism: Estimate,PV.EST,0.887499452,0.698888779,0.785089076,0.924183249,0.179551065,0.345115304,0.399723917,0.595505774,0.563000798,0.543759167,0.512012899,0.681087554,0.602992833,0.554941535,0.448744118,0.300568491,0.097759806,-0.106349595,0.265700728,0.0137935,0.271274894,0.280948132,0.325523823,0.334524125
French Guiana,GUF,Political Stability and Absence of Violence/Terrorism: Estimate,PV.EST,0.038409136,0.046967462,0.032615215,0.302352816,0.313361704,0.173084646,0.206954107,0.047181822,0.0552621,0.071662426,0.302413434,0.191745475,0.193025932,0.215082258,0.218277127,0.527634025,0.559771299,0.538475215,0.492239535,0.514202237,0.243846178,0.316747218,0.327672392,0.331466466
Gabon,GAB,Political Stability and Absence of Violence/Terrorism: Estimate,PV.EST,0.125683025,0.325020939,0.640210629,0.410248697,0.299038559,0.408170909,0.325625747,0.220006227,0.302844584,0.261874706,0.140438765,0.299279243,0.384890914,0.29329142,0.330102742,0.149542809,0.015247292,-0.110105984,-0.105891399,-0.257414043,-0.075141385,-0.065801933,-0.075772829,0.069895133
"Gambia, The",GMB,Political Stability and Absence of Violence/Terrorism: Estimate,PV.EST,0.559609056,0.675648868,0.533818603,0.826159775,0.322430104,0.164906055,0.200640664,-0.034124114,0.047412302,0.065151274,0.122316822,0.065416984,-0.000270605,-0.000778838,-0.048636407,-0.151400715,0.016247632,-0.442044199,-0.094831444,-0.08758685,0.214429125,0.247992232,0.035266154,0.04582857
Georgia,GEO,Political Stability and Absence of Violence/Terrorism: Estimate,PV.EST,-1.570578575,-1.638902903,-0.812726557,-1.192041397,-1.299210668,-0.864118159,-0.755904913,-0.966098785,-0.645898998,-0.919675112,-0.965524912,-0.718320906,-0.656951964,-0.680453956,-0.441366166,-0.321507543,-0.472153753,-0.320115089,-0.375215024,-0.447616845,-0.498185903,-0.429623365,-0.429646611,-0.4409495
Germany,DEU,Political Stability and Absence of Violence/Terrorism: Estimate,PV.EST,1.288499475,1.242147803,1.411335707,1.09601748,0.577859223,0.638884366,0.88891536,1.025069594,0.995823801,0.943830788,0.859902501,0.796834469,0.842218459,0.775621295,0.92798388,0.925186455,0.687514961,0.667541146,0.574380219,0.577707589,0.548454642,0.64498806,0.725666702,0.614759147
Ghana,GHA,Political Stability and Absence of Violence/Terrorism: Estimate,PV.EST,-0.234503835,-0.136477411,-0.359381735,-0.159934327,0.029186578,0.040790971,0.169719294,0.006396186,-0.073061265,-0.029515961,0.027835818,0.026093241,0.167112142,0.130694985,0.060606085,-0.106807962,-0.038228907,-0.138907716,0.082036331,-0.036738522,0.118470922,0.169862181,0.065785304,-0.065912969
Greece,GRC,Political Stability and Absence of Violence/Terrorism: Estimate,PV.EST,0.553863883,0.771396816,0.808356404,0.872591853,0.477636367,0.489336252,0.506524146,0.630432785,0.523507833,0.267854154,-0.208124295,-0.127206877,-0.098695189,-0.217248693,-0.171341717,-0.140445963,-0.235559732,-0.129703641,-0.081244558,0.153864294,0.1623694,0.115144268,0.101313189,0.064303063
Greenland,GRL,Political Stability and Absence of Violence/Terrorism: Estimate,PV.EST,..,..,..,..,..,..,..,..,..,..,1.518853307,1.645201087,1.940006495,1.934407234,1.931952834,1.924541116,1.947082162,1.964210629,1.927581429,1.936508656,1.887186527,1.910476446,1.877370477,1.565969229
Grenada,GRD,Political Stability and Absence of Violence/Terrorism: Estimate,PV.EST,0.914663494,0.954443455,1.019257665,0.923411608,0.885519981,0.879427552,0.415122241,0.391092598,0.384942293,0.387722582,0.392208546,0.518380046,0.360115409,0.492649019,0.426174343,0.774568856,0.779747725,0.998592257,0.992373705,0.968616605,0.937967896,1.03254509,1.040163636,1.043798447
Guam,GUM,Political Stability and Absence of Violence/Terrorism: Estimate,PV.EST,..,..,..,..,..,0.634409845,0.746284068,0.703987658,0.431097239,0.441606164,0.401251554,0.395871073,0.791545987,0.780917645,0.798485518,0.750133276,0.786707044,0.652095139,0.678459287,0.697025716,0.883918047,0.888366282,0.877565145,0.808528244
Guatemala,GTM,Political Stability and Absence of Violence/Terrorism: Estimate,PV.EST,-1.013414145,-0.669719815,-0.768333912,-0.834293127,-0.774796605,-0.808034837,-0.835618198,-0.735238791,-0.753424942,-0.713971555,-0.925672591,-0.852924466,-0.7441414,-0.633820176,-0.674156249,-0.655563533,-0.6544379,-0.545003712,-0.651365459,-0.538192272,-0.577349424,-0.415842652,-0.395547092,-0.304971337
Guinea,GIN,Political Stability and Absence of Violence/Terrorism: Estimate,PV.EST,-1.150932908,-0.586954713,-1.907590032,-1.421165824,-0.788895369,-1.033383608,-1.153976798,-1.908928514,-2.403348207,-2.097338915,-2.116455078,-1.687079072,-1.388054013,-1.287012458,-1.229851723,-0.955242753,-0.386475414,-0.396070927,-0.69907409,-0.880607545,-0.84259665,-0.669287205,-0.939894259,-0.864391387
Guinea-Bissau,GNB,Political Stability and Absence of Violence/Terrorism: Estimate,PV.EST,-1.540016651,-1.860767245,-0.349449873,-0.726157308,-0.494184494,-0.378061444,-0.562525928,-0.494073361,-0.460553706,-0.709455967,-0.665870845,-0.690954328,-0.753625989,-0.965295851,-0.899927616,-0.706451654,-0.516579092,-0.445275575,-0.497683495,-0.684850454,-0.561577141,-0.721676052,-0.280024618,-0.394830406
Guyana,GUY,Political Stability and Absence of Violence/Terrorism: Estimate,PV.EST,-0.26641354,0.12336912,-0.486819774,-0.561520338,-0.436319321,-0.554896176,-0.454965949,-0.734118462,-0.55968678,-0.633931935,-0.629981041,-0.458965749,-0.434282511,-0.49961406,-0.456606746,-0.136097595,-0.139641345,-0.034218926,-0.049440727,-0.191917717,-0.254104406,-0.137580603,-0.137163654,0.027062163
Haiti,HTI,Political Stability and Absence of Violence/Terrorism: Estimate,PV.EST,-0.756698847,-0.942441285,-0.628624499,-1.255857944,-1.315423131,-1.984543085,-1.804397941,-1.391543508,-1.319728017,-1.383103251,-0.957430124,-0.940315425,-0.990167558,-0.788092673,-0.63101536,-0.643627286,-0.671565056,-0.745547473,-0.676077306,-0.640176177,-0.887624741,-1.027478695,-1.128099442,-1.406295657
Honduras,HND,Political Stability and Absence of Violence/Terrorism: Estimate,PV.EST,-0.470392346,0.029658465,-0.078596383,-0.252441436,-0.379858077,-0.391061932,-0.623264194,-0.667903721,-0.437030196,-0.527115524,-0.308192104,-0.496909589,-0.390435368,-0.350115597,-0.438611597,-0.534083962,-0.472757906,-0.437456161,-0.565637231,-0.531866431,-0.569066167,-0.448519617,-0.627824068,-0.552035332
"Hong Kong SAR, China",HKG,Political Stability and Absence of Violence/Terrorism: Estimate,PV.EST,0.576565087,0.701060176,0.93515718,0.908920228,0.947880447,1.144978046,1.336290479,1.190912247,1.104014874,1.131019473,0.965701699,0.935810566,0.94859612,1.006289482,0.922868311,1.153228521,1.035205364,0.736158371,0.818202198,0.776450574,-0.228379548,0.05667685,0.263209611,0.61155504
Hungary,HUN,Political Stability and Absence of Violence/Terrorism: Estimate,PV.EST,1.006688952,1.219403625,0.918442905,1.260672212,1.131863952,0.828297615,1.003100395,0.98567611,0.747096717,0.75026387,0.536816299,0.685783744,0.743254066,0.67579478,0.796646118,0.669904828,0.737792492,0.64338094,0.796199262,0.737417698,0.761821568,0.836977124,0.798463762,0.635951281
Iceland,ISL,Political Stability and Absence of Violence/Terrorism: Estimate,PV.EST,1.325201988,1.377105355,1.575330615,1.620292544,1.51723218,1.457004666,1.444697142,1.453826547,1.485594153,1.215023875,1.190887213,1.022253633,1.244009733,1.245032072,1.287133694,1.246974587,1.298480988,1.346588731,1.337684989,1.394577146,1.61964798,1.374937654,1.372178674,1.262935281
India,IND,Political Stability and Absence of Violence/Terrorism: Estimate,PV.EST,-0.972584128,-1.20082128,-1.00120759,-1.210664988,-1.50999701,-1.28043294,-1.013880491,-1.065184236,-1.154295802,-1.109707355,-1.355547905,-1.2779845,-1.32679534,-1.289309859,-1.229174137,-0.99791199,-0.954773545,-0.960426509,-0.774099052,-0.997705162,-0.796840608,-0.841136158,-0.691997945,-0.568608165
Indonesia,IDN,Political Stability and Absence of Violence/Terrorism: Estimate,PV.EST,-1.131379128,-1.731670618,-1.995200634,-1.583244205,-2.09539485,-1.908605576,-1.51817596,-1.417666912,-1.198065758,-1.056791544,-0.751153648,-0.853916168,-0.770114183,-0.593262792,-0.519264638,-0.416824043,-0.619956315,-0.379699737,-0.5049389,-0.552077413,-0.502156675,-0.462322682,-0.531467199,-0.439423859
"Iran, Islamic Rep.",IRN,Political Stability and Absence of Violence/Terrorism: Estimate,PV.EST,-0.324623704,-0.693391085,-0.727548361,-0.773440599,-0.779733181,-0.76182431,-0.782738864,-1.04084003,-0.931640446,-0.939874709,-1.564242005,-1.630591869,-1.421767712,-1.323926091,-1.249686599,-0.874987662,-0.924846888,-0.814020634,-0.933828712,-1.342144251,-1.711465359,-1.699162006,-1.584384561,-1.586439133
Iraq,IRQ,Political Stability and Absence of Violence/Terrorism: Estimate,PV.EST,-1.817376614,-1.533800006,-1.73264277,-1.601286769,-2.39324522,-3.180351734,-2.688648462,-2.826402187,-2.771050692,-2.466896534,-2.17470789,-2.239267111,-1.846983552,-1.934050202,-2.011390448,-2.480337858,-2.250779629,-2.303333044,-2.295948267,-2.520958185,-2.609148026,-2.474690437,-2.384559393,-2.473924637
Ireland,IRL,Political Stability and Absence of Violence/Terrorism: Estimate,PV.EST,1.343453646,1.512910008,1.584100127,1.50421679,1.348457694,1.17082572,1.298666835,1.192410588,1.215192676,1.18687439,1.057366014,1.020165324,0.948998928,0.941072702,0.901075721,1.052991152,0.895332575,0.833849669,0.99340868,1.011168242,0.95930326,0.965446055,0.84353143,0.881889522
Israel,ISR,Political Stability and Absence of Violence/Terrorism: Estimate,PV.EST,-1.151186228,-1.12271452,-1.041991234,-1.462138295,-1.518784404,-1.322681308,-1.247522712,-1.259288788,-1.252032876,-1.323101997,-1.625210643,-1.341151714,-1.201318026,-1.07890439,-1.101284742,-1.039735317,-1.097817302,-0.799367249,-0.894905567,-0.918106616,-0.8155604,-0.887810647,-1.122282505,-1.28531599
Italy,ITA,Political Stability and Absence of Violence/Terrorism: Estimate,PV.EST,1.110385418,1.192702293,0.916669428,0.838429809,0.431488335,0.269257694,0.489115536,0.530733764,0.446970046,0.547544241,0.346905887,0.473923683,0.501207411,0.508217514,0.495499194,0.458165407,0.3632572,0.355933428,0.292909652,0.32613951,0.381040454,0.39929536,0.550413907,0.413505375
Jamaica,JAM,Political Stability and Absence of Violence/Terrorism: Estimate,PV.EST,0.110229269,0.083308145,0.18639648,-0.208229527,-0.384524792,-0.345668554,-0.298737347,-0.320163667,-0.256037086,-0.307299733,-0.363817692,-0.429541469,-0.062983334,0.120508112,0.182374373,0.024492532,0.085965723,0.29546842,0.298302531,0.423851728,0.388235539,0.258638471,0.217914656,0.379746348
Japan,JPN,Political Stability and Absence of Violence/Terrorism: Estimate,PV.EST,1.161889791,1.247674823,1.197552681,1.17602253,1.027120113,1.028315306,1.035769463,1.138334513,1.010374546,0.894625247,0.9762519,0.879353166,0.995091975,0.948442876,1.019141912,0.968597353,1.054220557,0.968189001,1.100126505,1.037358642,1.019695044,1.026066899,1.015356421,1.073910952
"Jersey, Channel Islands",JEY,Political Stability and Absence of Violence/Terrorism: Estimate,PV.EST,..,..,..,..,..,..,..,..,..,..,..,..,1.480601311,1.476132035,1.485056996,1.464952469,1.533043027,1.319146872,1.277439713,1.270128131,1.280074358,1.328706861,1.284423351,1.619478703
Jordan,JOR,Political Stability and Absence of Violence/Terrorism: Estimate,PV.EST,-0.044978514,0.07521262,0.000209701,-0.456774443,-0.073701382,-0.234758884,-0.132929385,-0.762317538,-0.300741792,-0.370714009,-0.356457055,-0.31249252,-0.513562262,-0.523977637,-0.606315255,-0.540025532,-0.60686487,-0.496246248,-0.434904039,-0.379783809,-0.274439603,-0.267881632,-0.315793395,-0.296307683
Kazakhstan,KAZ,Political Stability and Absence of Violence/Terrorism: Estimate,PV.EST,-0.367461205,0.19438383,0.090090342,0.358549178,0.356259912,0.070387974,0.190631837,0.207937807,0.647996783,0.626638472,0.776816249,0.522971809,-0.338570565,-0.408455014,-0.402473897,0.036018156,-0.038353074,0.001462973,0.024372295,-0.052698813,-0.167979881,-0.257630289,-0.231327519,-0.356833428
Kenya,KEN,Political Stability and Absence of Violence/Terrorism: Estimate,PV.EST,-0.656428635,-0.907693863,-1.068352699,-1.18801403,-1.263868928,-1.087354779,-1.250505924,-1.126983285,-1.305442214,-1.393615365,-1.425580621,-1.165523529,-1.244790792,-1.323441267,-1.166930914,-1.282247186,-1.241347909,-1.354456544,-1.128438354,-1.179692149,-1.105736017,-1.007226825,-1.032414198,-0.94308722
Kiribati,KIR,Political Stability and Absence of Violence/Terrorism: Estimate,PV.EST,..,..,..,..,1.169785261,1.156943679,1.384927273,1.349654078,1.342015743,1.338472128,1.40261066,1.422731638,1.302488327,1.290351152,1.28392601,0.801865816,0.821486235,0.846926332,0.855434954,0.998590291,1.124233007,1.163732648,1.13891089,1.11602664
"Korea, Dem. People's Rep.",PRK,Political Stability and Absence of Violence/Terrorism: Estimate,PV.EST,-0.50562638,-0.419251919,-0.015158058,0.187998772,0.224566981,0.226076111,0.024262642,-0.020749725,0.537623465,0.524418473,-0.027152836,-0.296562105,-0.251826197,-0.012876378,-0.441554099,-1.134743333,-1.151740313,-0.684034169,-0.500023603,-0.340751916,-0.286907196,-0.378693789,-0.477292448,-0.412224323
"Korea, Rep.",KOR,Political Stability and Absence of Violence/Terrorism: Estimate,PV.EST,0.566771448,0.513872743,0.398045033,0.241773605,0.248543099,0.428842574,0.485128582,0.423855454,0.566254735,0.420968682,0.409627974,0.325895816,0.412495643,0.267103314,0.278578639,0.108568802,0.156361043,0.153576508,0.38189283,0.638081014,0.546021044,0.608559489,0.629525959,0.56241101
Kosovo,XKX,Political Stability and Absence of Violence/Terrorism: Estimate,PV.EST,..,..,..,..,..,..,..,..,..,1.012082815,0.430509388,-1.044821143,-1.04214704,-1.038502336,-0.966146648,-0.340774536,-0.200406447,-0.285933346,-0.244493425,-0.675402105,-0.348640084,-0.279240251,-0.113625251,-0.252448589
Kuwait,KWT,Political Stability and Absence of Violence/Terrorism: Estimate,PV.EST,0.170835972,0.455113381,0.752232671,-0.146744311,0.294286907,0.345240027,0.253690273,0.412733108,0.620643914,0.501767993,0.353407443,0.451988816,0.311102718,0.203606218,0.16605559,0.149006546,-0.219549298,-0.056500711,-0.051229637,0.090533733,0.175113589,0.225190043,0.262982517,0.281217426
Kyrgyz Republic,KGZ,Political Stability and Absence of Violence/Terrorism: Estimate,PV.EST,-0.174339622,-0.166477472,-0.182534769,-0.614730597,-1.099491715,-1.183466911,-1.17442596,-1.385570765,-0.990260482,-0.567302406,-0.622969389,-1.039652348,-1.098030686,-0.911251366,-0.911773801,-0.804615676,-0.882429659,-0.65201968,-0.362933785,-0.529558122,-0.266192228,-0.456187993,-0.467156112,-0.546579063
Lao PDR,LAO,Political Stability and Absence of Violence/Terrorism: Estimate,PV.EST,0.371830761,-0.191821799,-0.577913404,-0.103369668,-1.232353568,-0.611157954,-0.491447717,-0.085298561,-0.176476792,0.017276132,-0.158048227,-0.282062978,-0.058007225,0.03373903,0.0674439,0.498692989,0.538871527,0.524906516,0.394011855,0.407829285,0.530268252,0.693885386,0.71241802,0.80272752
Latvia,LVA,Political Stability and Absence of Violence/Terrorism: Estimate,PV.EST,0.561403096,0.0337703,0.41943416,0.944357157,1.001643181,0.616755247,0.814021409,0.838368714,0.561930537,0.203508124,0.348279804,0.527854025,0.320002139,0.453626722,0.593635261,0.487268358,0.43631041,0.467219561,0.452953696,0.395304829,0.426793516,0.462128848,0.673323035,0.480724365
Lebanon,LBN,Political Stability and Absence of Violence/Terrorism: Estimate,PV.EST,-0.668952644,-0.752315283,-0.439044535,-0.354815215,-0.459642589,-0.713360965,-0.999740839,-1.803862691,-2.119095325,-1.876608849,-1.561696887,-1.62501502,-1.558287501,-1.664812326,-1.690353394,-1.697941303,-1.698364496,-1.615684032,-1.622226834,-1.621535778,-1.67229104,-1.62113452,-1.481944561,-1.473512411
Lesotho,LSO,Political Stability and Absence of Violence/Terrorism: Estimate,PV.EST,0.232784986,-0.118997246,0.096109748,-0.047421191,0.099674545,0.358144611,-0.002811341,-0.124705359,-0.391314209,-0.204756096,0.326155901,0.456775397,0.383940756,0.274199098,0.338074297,-0.332812041,-0.318707615,-0.244855866,-0.194125235,-0.188686535,-0.427999049,-0.253533632,-0.213269129,-0.134738371
Liberia,LBR,Political Stability and Absence of Violence/Terrorism: Estimate,PV.EST,-2.4394629,-1.755550861,-1.952880502,-2.189619541,-2.159392834,-1.365385771,-1.357908726,-1.326841235,-1.244839549,-1.283122301,-1.050554633,-0.46852529,-0.42737025,-0.484476507,-0.475507081,-0.615449607,-0.817833304,-0.441768199,-0.320534796,-0.203764617,-0.339135408,-0.314182639,-0.286361516,-0.29159987
Libya,LBY,Political Stability and Absence of Violence/Terrorism: Estimate,PV.EST,-0.988058925,-0.809740365,-0.294286817,-0.095380805,0.120704226,0.355680615,0.448557079,0.358128875,0.747057617,0.808881164,0.831896722,0.028088447,-1.287379265,-1.58695972,-1.844076514,-2.353407145,-2.189651251,-2.274737835,-2.353574753,-2.43496871,-2.565771341,-2.462278366,-2.308345795,-2.197963476
Liechtenstein,LIE,Political Stability and Absence of Violence/Terrorism: Estimate,PV.EST,1.169522166,1.182875156,1.166981459,1.282766938,1.465131164,1.515257955,1.384927273,1.349654078,1.342015743,1.338472128,1.553163767,1.54408741,1.490579605,1.389199615,1.397171617,1.458861828,1.437775135,1.453269958,1.459082961,1.453585505,1.597493172,1.669110894,1.595491529,1.644336104
Lithuania,LTU,Political Stability and Absence of Violence/Terrorism: Estimate,PV.EST,0.524631858,0.429658592,0.428785473,0.893210649,1.050185442,0.76600486,0.779100299,0.870995998,0.817851543,0.746765077,0.631581247,0.715260625,0.671200335,0.786209881,0.964532316,0.742136419,0.749750257,0.814721227,0.76556474,0.729063928,0.77052319,0.921403408,0.80971843,0.653739512
Luxembourg,LUX,Political Stability and Absence of Violence/Terrorism: Estimate,PV.EST,1.381302357,1.385318875,1.60547471,1.637916565,1.44070816,1.315435052,1.331648588,1.399898887,1.483718038,1.511939526,1.450381756,1.461218596,1.317426801,1.331918836,1.335248113,1.378323793,1.426368237,1.403617144,1.31289196,1.347255111,1.333174944,1.212395668,1.193919539,1.063888907
"Macao SAR, China",MAC,Political Stability and Absence of Violence/Terrorism: Estimate,PV.EST,0.264631718,0.274148971,0.486361712,0.547456384,1.1208992,1.35202682,1.285614014,0.97331202,0.456923127,0.479434997,0.605377018,0.573578119,0.607760489,0.628785551,0.757722914,1.206168532,1.187453151,1.390567183,1.407128215,1.229578137,1.215290904,1.137468815,1.028874636,1.127567887
Madagascar,MDG,Political Stability and Absence of Violence/Terrorism: Estimate,PV.EST,0.217267141,0.196962193,0.162798807,-0.225308344,0.622443974,0.245569572,-0.018572573,0.185515359,0.089625657,-0.469336182,-0.733878493,-0.978338838,-0.705585897,-0.536136985,-0.65999341,-0.557235837,-0.427762926,-0.294186473,-0.30283758,-0.578839123,-0.313983828,-0.509343922,-0.54227978,-0.531038582
Malawi,MWI,Political Stability and Absence of Violence/Terrorism: Estimate,PV.EST,-0.45672074,-0.069941163,-0.325264573,0.008120139,0.041576758,0.123799182,0.10663145,0.12009196,0.082379282,-0.061070625,0.053666811,0.043895766,-0.072912723,-0.002686169,-0.205809802,0.081093207,0.034293275,-0.116127513,-0.249828547,-0.431270897,-0.286847949,-0.118913285,-0.109315783,-0.15286392
Malaysia,MYS,Political Stability and Absence of Violence/Terrorism: Estimate,PV.EST,0.57122016,-0.038123466,0.092691198,0.539594114,0.485534877,0.348003983,0.566449165,0.288379699,0.193307161,0.108542368,-0.04166092,0.143352136,0.077409767,-0.005212402,0.051791593,0.266619146,0.253947318,0.129485935,0.111208953,0.247989401,0.146066397,0.124463096,0.058753986,0.140358165
Maldives,MDV,Political Stability and Absence of Violence/Terrorism: Estimate,PV.EST,0.882181823,1.115919352,1.180719733,1.07719624,1.032264709,0.501932442,0.811711967,0.758358777,0.083186485,-0.164438739,-0.229707628,-0.166243851,-0.242630184,-0.365171462,0.125037372,0.679096162,0.411403716,0.408033192,0.224531189,0.082971118,0.027608531,0.362981379,0.534778357,0.667752326
Mali,MLI,Political Stability and Absence of Violence/Terrorism: Estimate,PV.EST,0.365160435,0.426935762,0.240109742,0.410831213,0.257701814,0.452396661,0.173916295,0.414196908,0.230479196,0.209998891,-0.075577624,-0.182899222,-0.708379745,-2.034328699,-1.722162127,-1.713988781,-1.682771206,-1.612848759,-1.903490663,-2.084461451,-2.214205742,-2.14628768,-2.332805395,-2.479408979
Malta,MLT,Political Stability and Absence of Violence/Terrorism: Estimate,PV.EST,1.325201988,1.426385522,1.586208701,1.598263383,1.547776222,1.317642331,1.380357146,1.231257558,1.269631863,1.27317667,1.249360085,1.253456235,1.06393671,1.065075159,1.042757869,1.125496984,1.05367744,1.066459775,1.238307238,1.271421313,1.013528109,0.998400986,0.887379706,0.913422585
Marshall Islands,MHL,Political Stability and Absence of Violence/Terrorism: Estimate,PV.EST,..,..,..,..,1.169785261,1.131853342,1.070744872,1.040722609,1.088965535,1.012082815,1.385001779,1.153065562,1.061803818,1.026400208,1.054114819,0.989585757,1.002985954,0.834963679,1.034585953,0.998590291,1.175102472,0.983442307,0.933938026,1.056267262
Martinique,MTQ,Political Stability and Absence of Violence/Terrorism: Estimate,PV.EST,0.264631718,0.274148971,0.486361712,0.547456384,0.851720035,1.25454545,1.189666033,1.104799986,1.085738063,0.592086017,0.401251554,0.395871073,0.618969917,0.581581712,0.626667917,0.913897812,0.961817384,0.975613654,0.98148948,0.955986977,0.752166986,0.604191601,0.630220294,0.636192322
Mauritania,MRT,Political Stability and Absence of Violence/Terrorism: Estimate,PV.EST,0.368493199,0.352811933,0.345234483,0.3820467,0.059730738,-0.166340142,-0.224495947,0.240350217,-0.279368013,-0.643881679,-0.882854044,-1.076169848,-1.173678875,-1.133991718,-1.014761448,-0.589508355,-0.635684848,-0.748691559,-0.629497826,-0.632418096,-0.562930703,-0.700950503,-0.555529892,-0.507473767
Mauritius,MUS,Political Stability and Absence of Violence/Terrorism: Estimate,PV.EST,1.089375615,0.967956066,0.754748404,1.116654158,1.009414434,0.974532723,1.027748823,0.780889988,0.879288077,0.890551448,0.707766652,0.640258789,0.946499407,0.971312404,0.944801748,0.667965949,0.988632321,0.999218166,0.962364137,0.859399259,0.801905751,0.872974157,0.832465351,0.835721731
Mexico,MEX,Political Stability and Absence of Violence/Terrorism: Estimate,PV.EST,-0.925459146,-0.423062265,-0.200209871,-0.058308262,-0.116878085,-0.21408245,-0.445820868,-0.636888444,-0.729851604,-0.804012358,-0.686627805,-0.726463437,-0.667768598,-0.662454188,-0.714223802,-0.853918791,-0.801780105,-0.633718133,-0.806073427,-0.673981011,-0.843628824,-0.791369319,-0.688360929,-0.691959739
"Micronesia, Fed. Sts.",FSM,Political Stability and Absence of Violence/Terrorism: Estimate,PV.EST,..,..,..,..,0.629589558,1.003659844,1.134082437,1.131840825,1.150465488,1.16868186,1.287469268,1.209316969,1.101389408,1.150869846,1.102858543,0.984550714,1.017171502,1.036456466,1.161632657,1.315120697,1.034340501,1.118729949,1.202114701,1.210484147
Moldova,MDA,Political Stability and Absence of Violence/Terrorism: Estimate,PV.EST,0.011292184,0.389240354,-0.42826128,-0.156634763,-0.131324723,-0.219342858,-0.40147987,-0.369664699,-0.014954031,-0.26793316,-0.583599746,-0.381340742,-0.049293749,0.046490479,0.000808572,-0.158987761,-0.32604599,-0.305498779,-0.314989507,-0.402226478,-0.387309909,-0.340128064,-0.205342084,-0.668324411
Monaco,MCO,Political Stability and Absence of Violence/Terrorism: Estimate,PV.EST,..,..,..,..,1.169785261,1.11256206,1.030053735,1.007802725,1.037468791,1.029076695,0.977230787,0.964173734,1.042408824,1.048162341,1.056243896,1.023347855,1.314925075,1.315310597,1.615089536,1.577254295,1.577211499,1.17722559,1.172496915,1.204843044
Mongolia,MNG,Political Stability and Absence of Violence/Terrorism: Estimate,PV.EST,0.747216463,0.35268867,0.821868122,1.170978546,0.963294148,0.775293171,0.878712356,0.646906972,0.668377757,0.539784849,0.609987438,0.597042263,0.606538892,0.471134812,0.491320789,0.791901171,0.711831987,0.7876001,0.783370972,0.831077039,0.636659682,0.717772186,0.705798924,0.533999085
Montenegro,MNE,Political Stability and Absence of Violence/Terrorism: Estimate,PV.EST,..,..,..,..,..,..,..,0.047549605,0.108533092,0.767700613,0.817372143,0.584210992,0.565341532,0.596563041,0.504595459,0.219455272,0.136638209,0.268716216,-0.062578022,0.037592556,0.058016822,-0.061226465,-0.052502058,-0.059176981
Morocco,MAR,Political Stability and Absence of Violence/Terrorism: Estimate,PV.EST,-0.209069982,0.307698369,-0.065564901,-0.261418521,-0.407007366,-0.312668711,-0.556680739,-0.461343467,-0.501324236,-0.571273208,-0.398299634,-0.383013308,-0.392256796,-0.470458776,-0.493017614,-0.446265608,-0.344394982,-0.317617774,-0.3780891,-0.348556757,-0.345829725,-0.359539151,-0.402591288,-0.319889188
Mozambique,MOZ,Political Stability and Absence of Violence/Terrorism: Estimate,PV.EST,-0.049991496,0.111920342,-0.125803381,0.188492239,0.246098503,0.003256466,0.125595734,0.520101011,0.35761559,0.383096486,0.625379622,0.394421875,0.332048267,0.390493691,-0.22696647,-0.336002737,-0.516435564,-1.096814632,-0.917248428,-0.833329558,-0.766716242,-1.281614184,-1.259354234,-1.287969947
Myanmar,MMR,Political Stability and Absence of Violence/Terrorism: Estimate,PV.EST,-1.258802056,-1.485985518,-1.673522592,-1.409957647,-1.153743505,-0.98474139,-0.899246156,-0.850372434,-1.066113353,-1.091803789,-1.294418812,-1.285928011,-1.111098409,-0.943674982,-1.140372396,-1.087580681,-1.16666913,-0.808124959,-1.084094286,-1.266946793,-1.330458999,-1.511704564,-2.083969355,-2.21174264
Namibia,NAM,Political Stability and Absence of Violence/Terrorism: Estimate,PV.EST,0.85437119,0.505568922,-0.250100613,0.148751169,0.478074342,0.664763033,0.625976086,0.78224957,1.018760681,1.201014876,0.929570854,0.846940041,0.911657512,0.978104293,0.958809972,0.608740628,0.725260258,0.699528992,0.621905208,0.684950054,0.528806627,0.512376428,0.518684864,0.556306064
Nauru,NRU,Political Stability and Absence of Violence/Terrorism: Estimate,PV.EST,..,..,..,..,1.169785261,1.131853342,1.070744872,1.040722609,1.088965535,1.012082815,1.385001779,1.453984499,1.061803818,1.026400208,1.054114819,0.601334393,1.088017941,1.108857036,0.931889772,0.944292486,0.792732,0.776040912,0.787112117,0.880902827
Nepal,NPL,Political Stability and Absence of Violence/Terrorism: Estimate,PV.EST,-0.071113177,-0.730146408,-1.163825631,-1.717462897,-1.891852379,-2.149138451,-2.098404884,-1.894450188,-1.88537848,-1.834287405,-1.620081186,-1.583971143,-1.416443586,-1.381232262,-1.129146099,-0.72459954,-0.997430027,-0.846989989,-0.5841012,-0.542416573,-0.452942908,-0.180229142,-0.188807815,-0.251907498
Netherlands,NLD,Political Stability and Absence of Violence/Terrorism: Estimate,PV.EST,1.526125789,1.594803452,1.758681178,1.302679896,1.16180563,1.016239166,0.988100886,0.902736187,0.778468788,0.863551974,0.945019245,0.940750122,1.113630772,1.187464714,1.143815398,1.045115352,0.912540197,0.896933198,0.907122314,0.838097334,0.821221173,0.830863893,0.892923951,0.717304826
Netherlands Antilles,ANT,Political Stability and Absence of Violence/Terrorism: Estimate,PV.EST,..,..,..,..,..,0.685668111,0.816166162,1.104799986,1.085738063,1.112509608,0.868718088,0.959880173,1.20577538,1.078248262,0.676403522,..,..,..,..,..,..,..,..,..
New Zealand,NZL,Political Stability and Absence of Violence/Terrorism: Estimate,PV.EST,1.341992497,1.316330194,1.362381816,1.32036376,1.188374877,1.500026584,1.252252102,1.254492283,1.24336648,1.162643433,1.07115531,1.236488819,1.376731038,1.361365557,1.453926563,1.467927575,1.511137605,1.501143336,1.56213212,1.512160897,1.415749431,1.467778444,1.395236254,1.31238234
Nicaragua,NIC,Political Stability and Absence of Violence/Terrorism: Estimate,PV.EST,-0.51774317,-0.492162377,-0.066172294,-0.093183674,-0.368299216,-0.341314167,-0.339232922,-0.267819613,-0.120370902,-0.222542554,-0.305793792,-0.499709249,-0.269735813,-0.348777562,-0.249215871,-0.040780123,-0.092195526,-0.095483571,-0.053823207,-0.950931132,-0.992481053,-0.585725188,-0.471998215,-0.348428488
Niger,NER,Political Stability and Absence of Violence/Terrorism: Estimate,PV.EST,0.026145848,-0.315587521,0.12496803,-0.129554793,0.042194888,-0.505270839,-0.4860107,-0.227475315,-0.459753156,-0.670321345,-1.150037766,-1.160744548,-0.878004491,-1.148130894,-1.321799397,-1.175840497,-1.059703231,-1.10075748,-1.259505153,-1.358237863,-1.404958606,-1.667164683,-1.53848505,-1.472179294
Nigeria,NGA,Political Stability and Absence of Violence/Terrorism: Estimate,PV.EST,-1.05690825,-0.588243723,-1.455326319,-1.626329303,-1.635588288,-1.754415751,-1.666500449,-2.034077644,-2.014056444,-1.860711932,-1.994553804,-2.211123228,-1.956454515,-2.042073727,-2.088478327,-2.130276442,-1.921705127,-1.873888969,-1.996716857,-2.097414255,-1.933071136,-1.891961455,-1.787299275,-1.798141479
Niue,NIU,Political Stability and Absence of Violence/Terrorism: Estimate,PV.EST,..,..,..,..,..,..,..,..,..,..,1.144098997,1.322361231,..,..,..,..,..,..,..,1.02867043,1.376388192,1.36252892,1.325276494,1.339968085
North Macedonia,MKD,Political Stability and Absence of Violence/Terrorism: Estimate,PV.EST,-0.480376542,-0.712693691,-0.614017069,-1.038219452,-0.988194704,-0.851008296,-1.155975223,-0.736575305,-0.426525265,-0.295720577,-0.298555881,-0.518517077,-0.617963791,-0.492649525,-0.416076392,0.256382942,-0.292592734,-0.355312616,-0.258881122,-0.211983711,0.008093261,0.112023413,0.062417198,0.117590658
Norway,NOR,Political Stability and Absence of Violence/Terrorism: Estimate,PV.EST,1.456821561,1.439661264,1.533282995,1.608346105,1.204556227,1.196618319,1.295277238,1.252705693,1.145552516,1.285434484,1.276532531,1.332311511,1.337976933,1.327469826,1.352091908,1.11995852,1.145620108,1.181620955,1.150700212,1.120635986,1.141986489,1.221518755,1.088475108,0.860958338
Oman,OMN,Political Stability and Absence of Violence/Terrorism: Estimate,PV.EST,0.873983324,0.854953349,1.121424675,0.928577423,1.061505675,1.11596787,0.946494877,0.841323614,0.93981421,0.922186911,0.826832592,0.59024173,0.43244046,0.462077081,0.459530205,0.734907329,0.778052211,0.749765635,0.749311626,0.642036438,0.589168727,0.419728547,0.431887984,0.529911399
Pakistan,PAK,Political Stability and Absence of Violence/Terrorism: Estimate,PV.EST,-1.1273278,-1.124120474,-1.104804635,-1.637678623,-1.54904592,-1.582877994,-1.751388311,-2.024678469,-2.432705164,-2.573009491,-2.64452672,-2.675933123,-2.810035467,-2.677003622,-2.603302002,-2.401279211,-2.471883535,-2.473873854,-2.396910429,-2.253884554,-2.251637459,-1.792646289,-1.713656187,-1.900261998
Palau,PLW,Political Stability and Absence of Violence/Terrorism: Estimate,PV.EST,..,..,..,..,1.169785261,1.131853342,1.070744872,1.040722609,1.088965535,1.012082815,1.385001779,1.453984499,1.061803818,1.026400208,1.054114819,0.989585757,0.821486235,0.846926332,1.213737011,1.194799542,1.171670437,1.166012168,1.172233224,1.096862912
Panama,PAN,Political Stability and Absence of Violence/Terrorism: Estimate,PV.EST,0.123815298,0.370574236,0.251223832,0.345927984,0.073229544,0.084138364,-0.157522634,-0.067905001,-0.061348125,-0.097780146,0.062279519,-0.116048209,-0.028218862,-0.179432675,-0.141260922,0.209008202,0.37741518,0.400727749,0.380333245,0.252037287,0.290878117,0.235460699,0.307120055,0.297832072
Papua New Guinea,PNG,Political Stability and Absence of Violence/Terrorism: Estimate,PV.EST,-0.77500689,-0.106866509,-0.207235515,-0.550169945,-0.55901736,-0.548657,-0.921983242,-0.869873524,-0.747831762,-0.610212266,-0.790807426,-0.808443785,-0.754677415,-0.590442359,-0.520246863,-0.339367092,-0.41628924,-0.504316509,-0.691195011,-0.656307817,-0.705046415,-0.653707087,-0.576708913,-0.609061778
Paraguay,PRY,Political Stability and Absence of Violence/Terrorism: Estimate,PV.EST,-0.459796816,-0.746503592,-0.970572591,-1.211351275,-0.749351561,-0.566143751,-0.652078152,-0.776525021,-0.740122914,-0.727450252,-0.883586049,-0.834862232,-0.692596555,-0.871902168,-0.735861599,-0.08862751,0.035212629,0.134470806,-0.002856044,-0.086801514,-0.018059423,0.016684934,-0.000999591,0.035977952
Peru,PER,Political Stability and Absence of Violence/Terrorism: Estimate,PV.EST,-1.06168437,-0.520839572,-0.987529457,-0.969909847,-1.162101626,-1.027399659,-0.975715458,-0.841553807,-0.774885893,-0.892661691,-1.180047989,-0.999915421,-0.760749698,-0.907364726,-0.80573976,-0.550656915,-0.398910075,-0.207934842,-0.263510197,-0.276951969,-0.163659349,-0.357738912,-0.355285466,-0.446338385
Philippines,PHL,Political Stability and Absence of Violence/Terrorism: Estimate,PV.EST,-0.481185794,-0.257059157,-1.390484333,-0.858753324,-1.559809685,-1.705884457,-1.178786635,-1.638671637,-1.604885697,-1.779236317,-1.728763223,-1.650759578,-1.392181635,-1.18824029,-1.084253192,-0.713820934,-0.854724228,-1.378690362,-1.189290643,-1.096192241,-0.928045392,-0.778701365,-0.984003067,-0.712976396
Poland,POL,Political Stability and Absence of Violence/Terrorism: Estimate,PV.EST,0.830644667,0.838597417,0.309305251,0.743997812,0.578085065,0.153857663,0.363082945,0.354031831,0.68284601,0.911096275,0.938135386,1.01733005,1.072062969,1.04947865,0.973354995,0.842940807,0.862319052,0.496157646,0.509755135,0.480340898,0.550631166,0.491565287,0.491801322,0.500283241
Portugal,PRT,Political Stability and Absence of Violence/Terrorism: Estimate,PV.EST,1.286039114,1.369090557,1.394764066,1.437048197,1.289688826,0.969877243,1.016647577,0.952390611,0.821809351,0.987546325,0.787381768,0.717686951,0.741739273,0.775272608,0.748763442,0.806274414,0.904212952,0.958625793,1.106168151,1.115095258,1.051632404,1.008653641,0.93725127,0.860719681
Puerto Rico,PRI,Political Stability and Absence of Violence/Terrorism: Estimate,PV.EST,0.264631718,0.274148971,0.259488463,0.302352816,0.313361704,0.557232976,0.445573747,0.377330452,0.409872741,0.264064759,0.153662071,0.356976479,0.600148976,0.584973395,0.249155894,0.819992661,0.847117484,0.67782861,0.481969595,0.273657262,0.142603353,0.435303301,0.487989306,0.543191195
Qatar,QAT,Political Stability and Absence of Violence/Terrorism: Estimate,PV.EST,0.361694604,1.058855057,1.157301426,0.831208944,1.186481357,1.123904943,1.027679205,0.926921546,0.952527702,1.114876628,1.223285079,1.15385592,1.174731016,1.223598838,1.212546468,0.977457762,0.983597457,0.884123743,0.647981882,0.649283886,0.684275627,0.669543803,0.83326143,0.958558142
Reunion,REU,Political Stability and Absence of Violence/Terrorism: Estimate,PV.EST,..,..,..,..,..,0.429376394,0.476619095,0.703987658,0.699514151,0.441606164,0.401251554,0.395871073,0.416657001,0.431884825,0.423821241,0.257044077,0.263454974,0.290626764,0.293627709,0.237028524,0.209607616,0.198848009,0.226299986,0.260939807
Romania,ROU,Political Stability and Absence of Violence/Terrorism: Estimate,PV.EST,0.597966731,0.500102222,-0.379039526,0.464840323,0.320030123,0.059348613,0.085602649,0.148430079,0.198067933,0.180609092,0.359366298,0.273600399,0.186090663,0.082341559,0.179133072,0.049136128,0.181799337,0.266823202,0.048513539,0.036215875,0.54217118,0.508895397,0.581680298,0.48802197
Russian Federation,RUS,Political Stability and Absence of Violence/Terrorism: Estimate,PV.EST,-1.177853942,-1.089740992,-1.399242043,-0.724512279,-1.193151832,-1.514594436,-1.267701387,-0.908794343,-0.863382518,-0.749933898,-0.969926596,-0.929458737,-0.998262107,-0.817712665,-0.73609364,-0.943617463,-1.032223463,-0.947688162,-0.642759621,-0.538375676,-0.551099122,-0.66740942,-0.707901835,-0.91899544
Rwanda,RWA,Political Stability and Absence of Violence/Terrorism: Estimate,PV.EST,-1.845332384,-2.037887573,-1.69159472,-1.651513219,-1.112522125,-1.186245203,-1.000212431,-0.684061944,-0.360214412,-0.327669591,-0.506896436,-0.272093862,-0.17711778,-0.230615199,-0.110951617,-0.313469648,0.002518378,-0.066518664,0.078270361,0.101642534,0.056940533,0.069421276,0.071905822,0.030513978
Samoa,WSM,Political Stability and Absence of Violence/Terrorism: Estimate,PV.EST,1.321788192,1.343910575,1.283142328,1.097199082,1.271927476,1.158397198,1.132702708,1.098509073,1.004980683,1.097826838,0.957884192,0.765691876,0.988590956,0.99924016,0.98900789,1.12190485,1.166048288,1.175883532,1.161632657,1.133188844,1.163725734,1.14607358,1.106232166,1.078609109
San Marino,SMR,Political Stability and Absence of Violence/Terrorism: Estimate,PV.EST,..,..,..,..,1.169785261,1.131853342,1.070744872,1.040722609,1.088965535,1.012082815,1.385001779,1.453984499,1.061803818,1.026400208,1.054114819,0.989585757,1.365985394,1.382750273,1.39288795,1.391008735,1.225839972,1.17722559,1.172496915,1.204843044
Sao Tome and Principe,STP,Political Stability and Absence of Violence/Terrorism: Estimate,PV.EST,1.050371766,1.084265828,1.151199818,0.555834174,0.25944972,0.572325528,0.575508893,0.347574234,0.394139469,0.175346196,0.146619737,0.115442857,0.0078264,0.013335418,0.111840725,0.184183002,0.136271909,0.215979159,0.183460847,0.515797019,0.500569344,0.489546567,0.58509469,0.607801914
Saudi Arabia,SAU,Political Stability and Absence of Violence/Terrorism: Estimate,PV.EST,-0.189457834,0.110229097,0.227821603,0.002424324,0.141017646,-0.654632509,-0.240614012,-0.522423804,-0.467305243,-0.336524427,-0.492535233,-0.226726979,-0.464799643,-0.480688244,-0.431784123,-0.285844654,-0.634387195,-0.472771108,-0.649576366,-0.660840631,-0.623455822,-0.650508463,-0.59113127,-0.362989008
Senegal,SEN,Political Stability and Absence of Violence/Terrorism: Estimate,PV.EST,-0.601866663,-0.988236308,-0.587890506,-0.273943573,-0.250177979,0.029510794,-0.204009935,-0.264316946,-0.244918704,-0.14859134,-0.205201,-0.41792497,-0.280602247,-0.108322032,-0.060722835,-0.198223099,-0.120225243,-0.22595489,-0.055723127,-0.107445858,0.03752597,-0.143128574,-0.179818049,-0.153299466
Serbia,SRB,Political Stability and Absence of Violence/Terrorism: Estimate,PV.EST,-1.034719825,-2.142448664,-1.643598437,-0.512546003,-0.582542062,-0.507584155,-0.762413561,-0.53756845,-0.591357946,-0.542712986,-0.47735855,-0.421741664,-0.282882065,-0.217299461,-0.075638093,0.184110776,0.234833032,0.133281603,0.083367333,0.005221334,-0.07809411,-0.170778826,-0.085266188,-0.172904298
Seychelles,SYC,Political Stability and Absence of Violence/Terrorism: Estimate,PV.EST,1.050371766,1.084265828,1.283142328,0.903408945,0.645857215,0.655790031,0.931847215,0.912748575,0.787657201,0.748909354,0.59813714,0.856766224,0.937754095,0.744266331,0.825588942,0.361632437,0.674569547,0.715953171,0.77947253,0.673826814,0.658694148,0.701772809,0.744613945,0.75640434
Sierra Leone,SLE,Political Stability and Absence of Violence/Terrorism: Estimate,PV.EST,-1.69709754,-2.173201084,-1.868685722,-0.691395998,-1.081210256,-0.514731526,-0.481067777,-0.302883804,-0.061578196,-0.239808902,-0.289030254,-0.236645371,-0.168444857,-0.279945284,-0.174718276,-0.104039676,-0.106272891,-0.167113155,-0.039427098,-0.088885598,-0.056958809,-0.302403092,-0.097025879,-0.089501671
Singapore,SGP,Political Stability and Absence of Violence/Terrorism: Estimate,PV.EST,1.115647316,0.930101573,1.141111493,1.253566265,0.876536012,1.092955947,1.153349996,1.248492837,1.174211025,1.344676137,1.179591179,1.169414878,1.191421747,1.368174553,1.378178358,1.186271429,1.29889214,1.477468967,1.59912312,1.468008995,1.480305552,1.438414216,1.442324996,1.45994246
Slovak Republic,SVK,Political Stability and Absence of Violence/Terrorism: Estimate,PV.EST,0.878931701,1.180254579,0.663586676,0.940030038,0.947933495,0.593536019,0.89807272,0.784178674,1.036687136,1.082136154,0.920496821,1.053316832,0.974757314,1.08840096,1.119518161,1.039121151,0.865759432,0.708230555,0.902730107,0.736512184,0.667275548,0.633921087,0.617806435,0.443434268
Slovenia,SVN,Political Stability and Absence of Violence/Terrorism: Estimate,PV.EST,1.311726332,1.243130565,0.886789322,1.303833246,1.18649447,1.081613421,1.092811227,1.085729003,1.098629355,1.149374366,0.936905801,0.866508842,0.969209671,0.935110688,0.88225168,0.965773404,0.947492003,0.979141891,0.866364181,0.894077659,0.801483512,0.701404274,0.755461395,0.706639647
Solomon Islands,SLB,Political Stability and Absence of Violence/Terrorism: Estimate,PV.EST,1.035551429,1.113963246,-0.732952654,-0.43754518,0.359491646,0.018688953,-0.017183067,0.067208663,0.230097041,0.206393555,0.215018734,0.343293846,0.307558388,0.187316343,0.300382704,0.470224828,0.639986575,0.491754383,0.188087985,0.354402095,0.495676666,0.562479496,0.541670024,0.379514664
Somalia,SOM,Political Stability and Absence of Violence/Terrorism: Estimate,PV.EST,-2.509366512,-2.14295435,-1.948787212,-2.368952036,-2.574820995,-2.878539562,-2.70559001,-2.746350288,-3.228497028,-3.28051734,-3.312951088,-3.130971432,-3.083846569,-2.860755444,-2.758686543,-2.515828133,-2.370088816,-2.347157955,-2.249909878,-2.248987675,-2.386288404,-2.581385136,-2.727175713,-2.483434439
South Africa,ZAF,Political Stability and Absence of Violence/Terrorism: Estimate,PV.EST,-0.379187554,-0.546053231,-0.227864951,-0.254789859,-0.312842578,-0.131729558,-0.162092119,0.047030076,0.215346545,0.049528994,-0.11449261,-0.029427003,0.02403157,-0.0253867,-0.046294536,-0.146388963,-0.220544875,-0.149085,-0.284803957,-0.237621993,-0.283249706,-0.252887934,-0.75098139,-0.72211808
South Sudan,SSD,Political Stability and Absence of Violence/Terrorism: Estimate,PV.EST,..,..,..,..,..,..,..,..,..,..,..,..,-1.430328488,-1.156583309,-1.730328679,-2.646576643,-2.372008324,-2.412496805,-2.446235657,-2.434559584,-2.518343925,-2.191669941,-2.287201405,-2.210053921
Spain,ESP,Political Stability and Absence of Violence/Terrorism: Estimate,PV.EST,0.17475751,0.132018834,0.459468246,0.438226074,-0.047485888,-0.090546302,0.193026617,-0.150648654,-0.27673164,-0.383085459,-0.47459957,-0.318043739,0.021104537,-0.029516449,0.012017759,0.243121743,0.241160139,0.402214497,0.270845115,0.275779158,0.292700946,0.411397874,0.509131908,0.265326977
Sri Lanka,LKA,Political Stability and Absence of Violence/Terrorism: Estimate,PV.EST,-1.778298974,-1.48284018,-1.904112697,-0.777628899,-0.833158433,-1.010440588,-1.152236819,-1.421550751,-1.751283646,-1.798595548,-1.340903044,-0.942946851,-0.72477144,-0.717079222,-0.612895429,-0.330464035,0.083182663,-0.01134005,-0.07544852,-0.139389724,-0.215569809,-0.089156918,-0.376803756,-0.785569847
St. Kitts and Nevis,KNA,Political Stability and Absence of Violence/Terrorism: Estimate,PV.EST,..,..,..,..,1.169785261,1.36335969,1.2821244,1.20838666,0.802670181,0.920431793,1.091652513,1.036112189,0.957588255,0.975788057,0.958863378,0.572488189,0.564717531,0.606805444,0.628548622,0.677222848,0.700797915,0.929504931,0.949530005,0.943862259
St. Lucia,LCA,Political Stability and Absence of Violence/Terrorism: Estimate,PV.EST,1.035551429,0.350061715,1.223599792,0.362931639,1.169785261,1.218339324,1.000114918,0.86010623,0.617986262,0.640764356,0.685753644,0.790275514,0.849078357,0.893705666,0.853357732,0.816450417,0.837734759,0.998592257,0.974609792,0.993263125,0.906494319,0.864660144,0.831884623,0.869225919
St. Vincent and the Grenadines,VCT,Political Stability and Absence of Violence/Terrorism: Estimate,PV.EST,1.035551429,1.113963246,1.223599792,0.362931639,0.764638484,1.026823997,1.147587776,1.059123635,0.788463771,0.800574362,0.728931725,0.790275514,0.849078357,0.928883851,0.853357732,0.816450417,0.987564266,0.998592257,0.871098697,0.822919726,0.937967896,1.03254509,1.040163636,1.043798447
Sudan,SDN,Political Stability and Absence of Violence/Terrorism: Estimate,PV.EST,-2.479532003,-2.259968281,-2.24417305,-1.846431017,-1.977055788,-1.54903698,-1.973295927,-2.139077425,-2.362724781,-2.485348225,-2.647073746,-2.665277719,-2.522917271,-2.260563374,-2.193009615,-2.363084555,-2.155153036,-2.331105709,-1.971524239,-1.82177794,-1.696198225,-1.657063961,-1.987572193,-1.998894215
Suriname,SUR,Political Stability and Absence of Violence/Terrorism: Estimate,PV.EST,0.44020921,0.599269092,0.212451234,0.492683351,0.483302504,0.302263439,0.233044505,-0.013915001,-0.017322771,0.099638082,0.147267401,0.082475461,0.119975284,0.079325452,0.132779226,0.249270841,0.249509305,0.15281789,0.119800709,0.058161013,0.087626666,0.418793023,0.348301739,0.396292031
Sweden,SWE,Political Stability and Absence of Violence/Terrorism: Estimate,PV.EST,1.456821561,1.399189591,1.391772032,1.475257516,1.341613293,1.362226844,1.299904823,1.293933988,1.271478295,1.128336549,1.084638238,1.094170451,1.230688095,1.170597196,1.127778053,1.065414786,0.932670474,1.000782132,0.968601584,0.92122525,1.011769652,0.99729985,1.014362812,0.902623057
Switzerland,CHE,Political Stability and Absence of Violence/Terrorism: Estimate,PV.EST,1.456821561,1.439661264,1.578812003,1.542368174,1.246109486,1.227339864,1.196782112,1.268117428,1.234408855,1.222245216,1.307721257,1.258594275,1.300342083,1.418336034,1.401140213,1.402652621,1.326494217,1.28985405,1.242314816,1.319249392,1.310838223,1.17615521,1.115222096,1.161139727
Syrian Arab Republic,SYR,Political Stability and Absence of Violence/Terrorism: Estimate,PV.EST,-0.347959876,-0.04410658,-0.180450946,0.277536005,0.063645199,-0.285746336,-0.461608589,-0.278217822,-0.339876115,-0.339036047,-0.509100556,-0.805789709,-2.012106895,-2.682273865,-2.681142807,-2.74882412,-2.965176821,-2.906036139,-2.612917662,-2.736278534,-2.730331182,-2.71175766,-2.65949297,-2.79725194
"Taiwan, China",TWN,Political Stability and Absence of Violence/Terrorism: Estimate,PV.EST,1.056969166,0.957362711,0.537106693,0.698526144,0.637641311,0.612769246,0.671792984,0.675702274,0.552529633,0.841073275,0.569273055,0.85661,0.946774662,0.89138478,0.873134315,0.766413093,0.91313535,0.914119124,0.858921409,0.84186697,0.788220286,0.755755544,0.766792595,0.754162133
Tajikistan,TJK,Political Stability and Absence of Violence/Terrorism: Estimate,PV.EST,-2.11674881,-1.841549754,-1.647763491,-0.982307971,-1.099491715,-1.307453394,-1.392462134,-1.386144876,-0.752052188,-0.830599308,-1.025394559,-1.034538388,-1.023233891,-1.240859747,-1.182374001,-0.693340778,-0.88231802,-0.78061831,-0.674310863,-0.747738957,-0.512072921,-0.500084043,-0.676817954,-0.694840014
Tanzania,TZA,Political Stability and Absence of Violence/Terrorism: Estimate,PV.EST,-0.626190364,-0.408068776,-0.701925755,-0.253289312,-0.85554719,-0.671642244,-0.583453715,-0.357518166,-0.387062371,-0.228933871,0.089181244,0.014471621,-0.024133479,0.051454291,-0.162120849,-0.597118556,-0.423460692,-0.448246777,-0.570162177,-0.580516219,-0.388441443,-0.480818123,-0.335592777,-0.265859962
Thailand,THA,Political Stability and Absence of Violence/Terrorism: Estimate,PV.EST,0.46679911,0.638839483,0.454958707,0.506276667,-0.145084381,-0.717405677,-0.870126605,-1.130200148,-1.112847924,-1.272093296,-1.42447114,-1.442788363,-1.133533716,-1.216630697,-1.311682701,-0.906386316,-0.995044947,-0.991300225,-0.754879355,-0.799434543,-0.491420507,-0.578276575,-0.568726182,-0.383099318
Timor-Leste,TLS,Political Stability and Absence of Violence/Terrorism: Estimate,PV.EST,..,..,0.440978795,-0.486890376,-0.286732972,-0.156887859,-0.707215548,-1.156498313,-1.102678061,-0.798321664,-0.56560111,-0.467514545,-0.462352425,-0.284831136,-0.384680241,-0.179694876,-0.27170971,-0.017668042,0.06638208,0.233176738,0.243016809,0.197355658,0.19231537,0.273400307
Togo,TGO,Political Stability and Absence of Violence/Terrorism: Estimate,PV.EST,-0.376152635,-0.615864933,-0.290849715,0.057386961,-0.185996637,-0.314870864,-1.44021821,-0.527322233,-0.341404855,-0.168963,-0.165575549,-0.179348394,-0.162598491,-0.386457771,-0.35371083,-0.167126864,-0.232123047,-0.175117105,-0.874444485,-0.88600421,-0.908243716,-0.890690088,-0.695711434,-0.711050153
Tonga,TON,Political Stability and Absence of Violence/Terrorism: Estimate,PV.EST,..,..,..,..,0.629589558,0.817679942,0.677347898,0.467800647,0.28097713,0.281706721,0.215018734,0.689703107,0.937798142,0.894514441,0.935446382,0.84719646,0.868294656,0.897029459,0.771566808,0.833516359,1.037786126,1.089008689,1.078965783,1.114246726
Trinidad and Tobago,TTO,Political Stability and Absence of Violence/Terrorism: Estimate,PV.EST,0.273877174,0.412275732,0.153456092,-0.094292156,-0.250032127,-0.06832727,-0.121956371,-0.237762183,-0.188574344,-0.11730054,-0.141767442,-0.050823182,0.141080409,0.104277603,0.093686096,0.247864336,0.279361039,0.27725777,0.269298404,0.230616614,0.081537127,0.110377036,0.239029333,0.357974648
Tunisia,TUN,Political Stability and Absence of Violence/Terrorism: Estimate,PV.EST,0.262547046,0.263467073,0.321114898,0.154225796,0.317870796,0.148958027,0.024227452,0.20851244,0.158262476,0.099821232,0.059611708,-0.063976362,-0.353741795,-0.721316934,-0.902563274,-0.851661503,-0.960177004,-1.139722347,-1.02349031,-0.86821872,-0.877072871,-0.594331145,-0.756551445,-0.596295178
Turkiye,TUR,Political Stability and Absence of Violence/Terrorism: Estimate,PV.EST,-1.258745909,-1.231111765,-0.80017364,-0.803475082,-0.766690612,-0.833764553,-0.601551175,-0.590213001,-0.819362879,-0.823874354,-1.030790567,-0.915285528,-0.959997058,-1.22053194,-1.249932528,-1.086035967,-1.495309711,-2.007214785,-1.786375403,-1.315165997,-1.3781358,-1.143863201,-1.13676095,-1.039865017
Turkmenistan,TKM,Political Stability and Absence of Violence/Terrorism: Estimate,PV.EST,0.449250609,0.197645247,0.008447062,0.070417747,0.053215541,-0.115211934,0.07271339,-0.244654402,0.277233392,0.537688017,0.485472977,0.334105611,0.234129071,0.42808789,0.2490955,0.074206032,-0.089571141,-0.195148066,-0.128823504,-0.012979328,-0.178149864,-0.201663822,-0.332011014,-0.100280806
Tuvalu,TUV,Political Stability and Absence of Violence/Terrorism: Estimate,PV.EST,..,..,..,..,1.169785261,1.270095468,1.384927273,1.349654078,1.342015743,1.338472128,1.40261066,1.422731638,1.302488327,1.290351152,1.28392601,1.299327254,1.365985394,1.382750273,1.213737011,1.391008735,1.171670437,1.218199253,1.267683268,1.184532285
Uganda,UGA,Political Stability and Absence of Violence/Terrorism: Estimate,PV.EST,-1.530943632,-1.104016423,-1.248379588,-1.417437673,-1.560963392,-1.304773092,-1.417224765,-1.140345216,-0.916478336,-0.87574017,-0.991805792,-1.000558257,-0.976101816,-0.86896652,-0.838690639,-0.941126168,-0.804575801,-0.718276322,-0.569948792,-0.701724708,-0.694264531,-0.811034501,-0.937743247,-0.807034194
Ukraine,UKR,Political Stability and Absence of Violence/Terrorism: Estimate,PV.EST,-0.152148813,-0.120933816,-0.409486443,-0.293485135,-0.363617957,-0.471536189,-0.285366565,-0.036877617,0.172825918,0.042514395,-0.302319407,0.013131719,-0.070431463,-0.092274904,-0.77728498,-2.020833492,-1.95953238,-1.853331923,-1.867416739,-1.872089386,-1.428326726,-1.16391623,-1.126953006,-1.997604966
United Arab Emirates,ARE,Political Stability and Absence of Violence/Terrorism: Estimate,PV.EST,0.964015007,0.87130928,0.975434422,0.937275112,0.994650185,0.768757999,0.875413299,0.923421085,0.975391388,0.696017921,0.919041455,0.801757872,0.912175715,0.863251448,0.894792199,0.768908918,0.748049259,0.549646139,0.601948619,0.689086735,0.667445123,0.592546582,0.597461224,0.700785339
United Kingdom,GBR,Political Stability and Absence of Violence/Terrorism: Estimate,PV.EST,0.981364369,0.930068552,1.033105731,0.672591329,0.271250725,0.140847534,0.12418776,0.667080104,0.574654937,0.492879868,0.121949501,0.411818206,0.351707608,0.402270734,0.486201435,0.415347636,0.503706396,0.347932637,0.380708188,0.077564575,0.52747041,0.481457025,0.489892125,0.503939092
United States,USA,Political Stability and Absence of Violence/Terrorism: Estimate,PV.EST,0.935005784,0.879612982,1.082809091,0.285476923,0.08044035,-0.233039826,-0.060543258,0.490835488,0.374478042,0.582659543,0.447313607,0.438403934,0.591247261,0.632442117,0.643072605,0.582419634,0.662890196,0.385635316,0.262201786,0.386042565,0.117876664,-0.026929064,-0.014877876,-0.036005028
Uruguay,URY,Political Stability and Absence of Violence/Terrorism: Estimate,PV.EST,0.623442531,0.765376151,0.929349542,0.838327348,0.711256564,0.590961158,0.777662575,0.898599565,0.835530937,0.845082819,0.789260983,0.824986041,0.957096934,0.709167778,0.804738224,0.991879582,0.994889319,1.048521757,1.040090799,1.023943424,1.028179169,1.054884791,1.045823932,1.095464587
Uzbekistan,UZB,Political Stability and Absence of Violence/Terrorism: Estimate,PV.EST,-0.543731749,-0.68304944,-1.301950455,-1.056883574,-1.29919517,-1.455516696,-1.957895637,-1.784659505,-1.362033367,-1.207106471,-0.950552523,-0.720438123,-0.599719346,-0.518739343,-0.53607899,-0.273108631,-0.374532461,-0.280753702,-0.244979039,-0.304469526,-0.29666546,-0.436710477,-0.252974153,-0.19621487
Vanuatu,VUT,Political Stability and Absence of Violence/Terrorism: Estimate,PV.EST,1.035551429,1.113963246,1.223599792,1.163408518,0.764638484,0.624410927,1.384927273,1.349654078,1.233010769,1.185493708,1.229898453,1.275229573,1.109436989,1.201700807,1.160386682,0.636045277,0.458486795,0.48971042,0.676284015,0.802380979,1.00210762,0.882424951,0.900379121,0.9496755
"Venezuela, RB",VEN,Political Stability and Absence of Violence/Terrorism: Estimate,PV.EST,-0.584048212,-0.537716508,-0.758916974,-1.317897201,-1.286444664,-1.391585588,-1.244332433,-1.252867579,-1.229670167,-1.312438846,-1.277789474,-1.256236672,-1.094045997,-1.02713263,-1.077632427,-0.852002203,-0.97167027,-1.022976637,-1.25151372,-1.351442456,-1.539181471,-1.55198741,-1.45388782,-1.256462216
Vietnam,VNM,Political Stability and Absence of Violence/Terrorism: Estimate,PV.EST,0.525695503,0.319004893,0.408773571,0.353681147,0.126424372,0.150153518,0.484037668,0.405120254,0.251871973,0.165260822,0.271775961,0.148407876,0.189088449,0.267358661,0.250577271,-0.022347357,0.063808225,0.226832524,0.211421594,0.032742601,0.03891024,-0.038535811,-0.118189707,-0.030564662
Virgin Islands (U.S.),VIR,Political Stability and Absence of Violence/Terrorism: Estimate,PV.EST,..,..,..,..,..,0.839443207,0.442666382,0.508818448,0.483246595,0.500850797,-0.143221498,0.339058101,0.860623062,0.679576159,0.846709192,1.164254904,1.220001817,0.975613654,0.98148948,0.955986977,1.051399589,1.00336504,0.476192206,0.563698709
West Bank and Gaza,PSE,Political Stability and Absence of Violence/Terrorism: Estimate,PV.EST,-1.405726075,-1.353913784,-1.574412584,-1.743407488,-1.265782118,-1.166264057,-1.540936112,-1.77021122,-1.87161386,-1.990429997,-2.043331146,-1.973575473,-1.93561995,-1.956032157,-1.778823495,-1.985010862,-2.154096127,-1.970878363,-1.650645375,-1.804794073,-1.88934803,-2.01818037,-1.836833954,-1.817886233
"Yemen, Rep.",YEM,Political Stability and Absence of Violence/Terrorism: Estimate,PV.EST,-1.311537862,-1.19284749,-1.145441294,-1.306880474,-1.481762052,-1.551186681,-1.436673403,-1.345311642,-1.594251871,-2.012794256,-2.329020739,-2.423716307,-2.426796436,-2.430663109,-2.3748281,-2.665575027,-2.668016195,-2.784488678,-2.934315443,-2.996031046,-2.770873785,-2.647646427,-2.580309629,-2.476880312
Zambia,ZMB,Political Stability and Absence of Violence/Terrorism: Estimate,PV.EST,-0.1599489,0.218868196,0.03572033,-0.274405479,0.2183799,0.190814406,0.108463243,0.363792211,0.363629282,0.472572863,0.569586158,0.515351355,0.509773791,0.660962522,0.435933292,0.156212017,0.144709781,0.132928282,0.142042592,0.082525499,-0.11702957,-0.131005377,0.052347746,0.102313563
Zimbabwe,ZWE,Political Stability and Absence of Violence/Terrorism: Estimate,PV.EST,-0.466122419,-0.740443408,-1.318817854,-1.515870214,-1.087580562,-1.204704046,-1.267643571,-0.931996047,-1.110344768,-1.21233809,-1.167180896,-1.10401392,-0.945328534,-0.778662026,-0.665949762,-0.713570178,-0.619207263,-0.620809734,-0.710430861,-0.721038401,-0.943286121,-1.052728176,-0.954425931,-0.884499907
