micnum,stmon,stday,styear,endmon,endday,endyear,fatalmin,fatalmax,hiact,hostlev,outcome,numa,numb,version
2,5,-9,1902,5,-9,1902,0,0,7,3,6,1,1,mic-1.0
3,10,7,1913,10,25,1913,0,0,1,2,4,1,1,mic-1.0
4,5,15,1946,11,13,1946,44,44,16,4,6,1,1,mic-1.0
7,10,13,1951,1,25,1952,41,51,17,4,1,1,1,mic-1.0
8,7,11,1856,3,26,1857,1027,1475,22,5,1,1,1,mic-1.0
9,12,29,1889,1,10,1890,0,0,7,3,4,1,1,mic-1.0
11,3,11,1938,3,12,1938,0,0,14,4,4,1,1,mic-1.0
12,3,11,1938,9,30,1938,0,0,11,3,4,1,5,mic-1.0
13,4,6,1863,12,11,1864,39,66,16,4,5,4,1,mic-1.0
14,10,15,1895,10,31,1895,0,0,7,3,4,1,1,mic-1.0
15,2,1,1839,10,-9,1839,0,0,15,4,6,1,1,mic-1.0
16,12,25,1897,2,19,1898,0,0,7,3,4,2,2,mic-1.0
19,3,1,1848,8,9,1849,6613,8722,22,5,5,5,1,mic-1.0
20,11,-9,1945,5,6,1946,0,0,14,4,3,1,1,mic-1.0
21,11,21,1912,12,3,1912,0,0,10,3,5,1,2,mic-1.0
22,6,15,1940,6,16,1940,3,3,16,4,1,1,1,mic-1.0
23,9,19,1939,9,28,1939,0,0,13,4,2,1,1,mic-1.0
25,8,2,1831,2,4,1832,162,290,16,4,2,1,3,mic-1.0
26,3,21,1948,7,25,1949,0,0,16,4,5,1,3,mic-1.0
27,7,15,1961,10,3,1962,2,2,17,4,5,4,4,mic-1.0
28,7,17,1961,9,29,1961,46,109,17,4,6,1,1,mic-1.0
30,10,6,1908,3,31,1909,0,0,14,4,4,1,1,mic-1.0
31,5,30,1900,2,10,1901,2293,4108,22,5,1,8,1,mic-1.0
38,12,29,1837,1,5,1838,0,0,16,4,5,1,1,mic-1.0
40,4,20,1928,3,28,1929,91,305,17,4,4,1,1,mic-1.0
41,5,27,1929,12,22,1929,4092,7007,22,5,3,1,1,mic-1.0
43,11,13,1897,3,6,1898,0,0,16,4,1,1,1,mic-1.0
50,3,5,1950,6,12,1957,11325,23721,22,5,5,1,2,mic-1.0
51,6,25,1950,7,27,1953,569000,966952,22,5,5,2,17,mic-1.0
53,8,22,1956,8,23,1956,16,16,16,4,5,1,1,mic-1.0
55,8,29,1923,9,27,1923,0,0,16,4,6,1,1,mic-1.0
56,2,-9,1897,9,21,1897,0,0,16,4,4,6,2,mic-1.0
57,5,31,1853,3,30,1856,103610,127780,22,5,2,1,5,mic-1.0
61,8,1,1962,12,12,1962,0,0,16,4,4,1,2,mic-1.0
64,3,17,1826,10,7,1826,0,0,7,3,4,1,1,mic-1.0
67,7,25,1934,7,31,1934,0,0,7,3,5,3,1,mic-1.0
68,1,3,1900,1,13,1900,0,0,7,3,4,1,2,mic-1.0
69,5,25,1914,11,29,1916,40,40,16,4,4,1,1,mic-1.0
71,1,17,1850,4,15,1850,0,0,13,4,4,1,1,mic-1.0
77,7,10,1898,3,21,1899,0,0,14,4,4,1,1,mic-1.0
78,7,16,1847,12,23,1847,0,0,14,4,5,1,1,mic-1.0
86,3,25,1907,8,-9,1908,0,0,16,4,1,2,1,mic-1.0
88,7,6,1870,5,10,1871,74209,90865,22,5,2,1,4,mic-1.0
89,9,21,1822,11,13,1823,170,195,22,5,1,1,1,mic-1.0
91,6,-9,1887,6,-9,1887,0,0,4,2,4,2,1,mic-1.0
92,2,18,1964,2,29,1964,27,27,17,4,1,1,1,mic-1.0
95,10,-9,1909,10,-9,1909,0,0,7,3,4,1,1,mic-1.0
96,5,8,1886,6,6,1886,0,0,13,4,4,5,1,mic-1.0
100,12,17,1914,7,28,1915,0,0,16,4,4,1,1,mic-1.0
104,3,-9,1880,6,-9,1880,0,0,11,3,6,1,1,mic-1.0
106,4,23,1895,5,6,1895,0,0,7,3,4,3,1,mic-1.0
108,3,25,1939,4,7,1939,391,580,22,5,1,1,1,mic-1.0
109,9,-9,1904,9,-9,1904,0,0,10,3,5,1,1,mic-1.0
111,11,22,1934,5,5,1936,18888,27085,22,5,2,2,1,mic-1.0
112,9,11,1860,9,29,1860,750,875,22,5,1,1,2,mic-1.0
113,9,18,1860,2,13,1861,1390,1550,22,5,1,1,2,mic-1.0
114,9,26,1911,10,18,1912,12760,16805,22,5,1,1,1,mic-1.0
115,2,-9,1859,7,11,1859,14360,18550,22,5,2,2,2,mic-1.0
119,2,24,1885,9,10,1885,0,0,11,3,6,1,1,mic-1.0
121,6,27,1853,6,27,1853,0,0,7,3,4,1,1,mic-1.0
122,6,25,1961,2,28,1962,0,0,16,4,5,8,1,mic-1.0
123,7,21,1845,3,23,1846,0,0,13,4,1,2,1,mic-1.0
125,5,14,1958,10,28,1958,0,0,16,4,6,3,3,mic-1.0
126,1,-9,1853,2,12,1853,0,0,1,2,4,2,1,mic-1.0
127,3,3,1921,5,11,1921,0,0,14,4,4,4,1,mic-1.0
128,11,15,1905,12,5,1905,0,0,14,4,4,5,1,mic-1.0
129,9,18,1931,5,31,1933,36296,43920,22,5,1,1,1,mic-1.0
131,9,14,1899,4,1,1900,0,0,10,3,4,1,2,mic-1.0
133,1,11,1923,1,29,1923,2,25,17,4,6,1,2,mic-1.0
134,3,20,1939,3,23,1939,0,0,7,3,4,1,1,mic-1.0
135,10,31,1861,2,5,1867,7928,12052,22,5,2,3,1,mic-1.0
136,8,4,1913,11,23,1914,324,344,17,4,3,1,1,mic-1.0
137,5,4,1831,5,13,1831,0,0,7,3,5,1,1,mic-1.0
139,12,-9,1934,2,2,1935,102,340,17,4,3,1,1,mic-1.0
141,6,7,1880,11,25,1880,0,0,10,3,4,7,1,mic-1.0
142,7,-9,1821,8,10,1821,0,0,7,3,5,1,1,mic-1.0
144,7,13,1854,10,-9,1854,0,0,16,4,5,1,1,mic-1.0
145,1,5,1927,3,28,1927,42,42,17,4,5,7,1,mic-1.0
146,8,16,1827,2,-9,1828,2160,3200,17,4,1,1,3,mic-1.0
147,3,-9,1821,4,7,1821,27,125,17,4,1,1,1,mic-1.0
148,4,21,1959,8,1,1960,1,1,16,4,5,1,1,mic-1.0
149,11,18,1856,5,26,1857,0,0,10,3,6,1,1,mic-1.0
151,5,2,1926,9,23,1926,0,0,14,4,4,1,1,mic-1.0
152,12,7,1896,6,14,1898,0,0,14,4,6,1,1,mic-1.0
153,6,22,1833,6,22,1833,0,0,7,3,4,2,2,mic-1.0
154,9,12,1850,11,29,1850,0,0,16,4,6,1,6,mic-1.0
156,2,-9,1906,5,14,1906,0,0,14,4,3,1,1,mic-1.0
157,7,7,1937,12,7,1941,596660,975750,22,5,9,1,1,mic-1.0
158,2,21,1921,8,23,1921,38,115,17,4,3,1,2,mic-1.0
159,11,2,1903,1,25,1904,0,0,13,4,1,1,1,mic-1.0
160,3,21,1838,3,9,1839,40,95,16,4,1,1,1,mic-1.0
164,5,20,1904,6,28,1904,0,0,7,3,7,4,2,mic-1.0
165,11,2,1911,9,-9,1912,301,650,16,4,1,1,1,mic-1.0
166,4,16,1908,6,17,1908,0,0,16,4,4,1,1,mic-1.0
167,3,9,1821,4,8,1821,27,125,17,4,1,1,1,mic-1.0
172,1,5,1962,1,10,1966,85,221,17,4,5,1,2,mic-1.0
173,7,17,1958,3,20,1959,1165,1587,22,5,5,2,2,mic-1.0
174,3,7,1936,3,7,1936,0,0,7,3,4,1,2,mic-1.0
175,4,24,1849,7,1,1849,2290,3080,22,5,1,2,1,mic-1.0
177,1,10,1923,7,11,1923,0,0,14,4,5,2,1,mic-1.0
178,4,-9,1932,3,23,1935,0,0,17,4,6,1,1,mic-1.0
179,10,8,1939,3,13,1940,141960,170120,22,5,1,1,1,mic-1.0
180,6,30,1903,9,5,1905,90157,105676,22,5,2,1,1,mic-1.0
182,1,8,1935,4,14,1936,108,166,17,4,5,2,1,mic-1.0
183,5,11,1939,9,16,1939,19727,23255,22,5,1,2,1,mic-1.0
184,7,11,1938,8,11,1938,1142,1560,22,5,5,1,1,mic-1.0
185,10,-9,1956,10,23,1956,0,0,7,3,2,1,1,mic-1.0
187,10,31,1876,3,3,1878,59781,81100,22,5,1,1,1,mic-1.0
189,11,-9,1827,9,14,1829,42785,53925,22,5,1,1,1,mic-1.0
191,12,21,1888,3,16,1889,0,0,7,3,6,1,2,mic-1.0
194,10,1,1863,8,1,1864,2146,2841,22,5,1,4,2,mic-1.0
196,3,-9,1893,8,3,1893,21,21,22,5,4,1,2,mic-1.0
197,1,6,1918,6,24,1922,6742,9390,22,5,2,8,1,mic-1.0
198,9,1,1848,9,11,1848,0,0,7,3,4,2,1,mic-1.0
199,10,24,1961,12,7,1964,1501,2581,22,5,2,1,1,mic-1.0
200,9,1,1955,11,6,1956,1996,4216,22,5,2,2,4,mic-1.0
202,3,25,1883,6,9,1885,4016,5165,22,5,2,1,1,mic-1.0
203,6,-9,1959,10,31,1961,23,50,17,4,5,1,1,mic-1.0
207,2,-9,1858,6,8,1858,0,0,16,4,3,1,1,mic-1.0
208,3,10,1953,3,31,1953,5,5,16,4,5,2,2,mic-1.0
210,7,27,1936,3,29,1939,10992,15180,22,5,1,2,2,mic-1.0
211,3,29,1920,7,16,1920,0,0,14,4,2,1,2,mic-1.0
212,2,-9,1888,2,11,1888,0,0,7,3,5,1,2,mic-1.0
220,6,22,1870,10,5,1870,0,0,10,3,4,3,1,mic-1.0
224,11,4,1865,11,24,1865,0,0,7,3,4,3,1,mic-1.0
225,11,8,1861,12,27,1861,0,0,15,4,7,1,1,mic-1.0
227,3,13,1861,9,19,1861,0,0,16,4,3,1,2,mic-1.0
228,3,18,1881,5,12,1881,0,0,16,4,3,1,1,mic-1.0
230,3,9,1919,11,21,1919,0,0,14,4,2,1,1,mic-1.0
231,4,26,1849,5,25,1849,0,0,16,4,4,1,1,mic-1.0
236,9,16,1849,11,8,1849,0,0,7,3,4,2,3,mic-1.0
238,5,14,1913,5,14,1913,0,0,7,3,1,1,1,mic-1.0
241,3,31,1923,6,13,1923,0,0,15,4,7,1,1,mic-1.0
242,10,21,1904,11,25,1904,0,0,16,4,3,1,1,mic-1.0
246,5,6,1960,4,19,1961,0,0,17,4,5,1,2,mic-1.0
247,1,-9,1905,1,20,1905,0,0,7,3,4,4,2,mic-1.0
248,1,30,1932,5,5,1932,0,0,7,3,6,2,1,mic-1.0
249,5,-9,1910,5,-9,1910,0,0,7,3,5,1,1,mic-1.0
252,1,16,1946,10,-9,1946,0,0,10,3,5,1,2,mic-1.0
253,4,9,1960,7,1,1960,4,4,16,4,7,5,1,mic-1.0
254,6,-9,1902,2,13,1903,0,0,16,4,6,1,4,mic-1.0
256,10,31,1873,12,18,1873,0,0,15,4,7,1,2,mic-1.0
257,7,23,1914,11,25,1918,8978632,10730594,22,5,2,4,11,mic-1.0
258,3,15,1939,8,14,1945,13297826,15542027,22,5,1,23,11,mic-1.0
259,6,3,1956,9,6,1958,2,35,17,4,1,1,1,mic-1.0
260,9,23,1914,5,25,1915,0,0,14,4,4,1,1,mic-1.0
261,3,-9,1866,8,23,1866,19571,23127,22,5,2,8,2,mic-1.0
266,2,8,1958,6,17,1958,5,5,16,4,6,1,1,mic-1.0
301,11,-9,1835,2,15,1836,0,0,7,3,3,1,1,mic-1.0
304,4,20,1854,12,2,1854,0,0,14,4,4,1,1,mic-1.0
306,9,17,1860,1,19,1861,0,0,7,3,8,1,1,mic-1.0
307,5,6,1877,5,30,1878,0,0,7,3,4,1,1,mic-1.0
309,3,26,1898,7,1,1898,0,0,7,3,4,1,1,mic-1.0
310,10,16,1905,12,15,1905,0,0,7,3,4,1,1,mic-1.0
311,4,2,1908,4,20,1908,0,0,7,3,4,1,1,mic-1.0
312,10,-9,1910,12,28,1910,0,0,15,4,7,1,1,mic-1.0
313,3,15,1910,1,3,1911,0,0,7,3,4,1,1,mic-1.0
314,10,2,1911,10,15,1911,0,0,17,4,6,1,1,mic-1.0
315,7,1,1911,11,4,1911,0,0,7,3,6,1,2,mic-1.0
317,11,2,1912,5,30,1913,0,0,7,3,5,1,1,mic-1.0
320,8,25,1914,5,23,1915,0,0,17,4,9,3,1,mic-1.0
321,3,15,1916,2,5,1917,52,88,17,4,5,1,1,mic-1.0
323,6,6,1916,6,27,1917,35,70,17,4,9,2,1,mic-1.0
324,4,17,1915,6,27,1917,206,500,17,4,9,2,1,mic-1.0
327,3,14,1920,9,12,1920,0,0,14,4,5,3,1,mic-1.0
328,9,16,1922,7,23,1923,0,0,14,4,6,3,1,mic-1.0
337,6,14,1939,2,17,1940,0,0,16,4,4,1,2,mic-1.0
343,10,-9,1966,8,10,1967,0,0,17,4,5,1,1,mic-1.0
345,5,-9,1967,6,19,1967,0,0,15,4,5,1,2,mic-1.0
346,5,9,1968,11,17,1968,0,0,14,4,1,5,1,mic-1.0
347,1,23,1968,1,25,1968,1,1,16,4,7,1,1,mic-1.0
349,8,9,1968,12,-9,1969,85,188,17,4,5,1,1,mic-1.0
350,2,14,1969,7,4,1969,0,0,16,4,5,1,1,mic-1.0
352,5,7,1969,11,3,1969,12,300,17,4,5,1,1,mic-1.0
353,10,-9,1973,10,31,1973,0,0,8,3,5,1,1,mic-1.0
354,9,1,1972,11,13,1973,1,1,16,4,1,2,1,mic-1.0
355,1,15,1974,2,17,1974,85,95,17,4,2,1,1,mic-1.0
356,5,12,1975,5,15,1975,27,101,17,4,5,1,1,mic-1.0
358,10,20,1975,10,20,1975,4,4,16,4,5,1,1,mic-1.0
360,10,-9,1975,11,29,1975,0,0,7,3,6,1,1,mic-1.0
361,2,4,1976,2,4,1976,10,10,17,4,5,1,1,mic-1.0
362,6,19,1976,10,8,1976,4,4,17,4,6,1,2,mic-1.0
363,2,4,1976,2,4,1976,0,0,16,4,5,1,1,mic-1.0
364,3,14,1974,3,17,1974,0,0,15,4,5,1,1,mic-1.0
365,9,6,1976,11,12,1976,0,0,15,4,7,1,1,mic-1.0
366,8,27,1821,8,27,1821,0,0,12,3,5,1,1,mic-1.0
367,7,20,1828,10,30,1828,111,225,16,4,4,1,1,mic-1.0
370,8,-9,1830,9,-9,1830,0,0,7,3,5,1,1,mic-1.0
371,3,12,1842,3,12,1842,0,0,1,2,5,2,1,mic-1.0
373,1,-9,1846,6,15,1846,0,0,7,3,6,1,1,mic-1.0
375,3,-9,1848,7,10,1849,806,1279,22,5,6,5,4,mic-1.0
377,4,-9,1852,7,-9,1852,0,0,7,3,4,1,1,mic-1.0
378,3,6,1898,3,6,1898,0,0,3,2,4,1,1,mic-1.0
379,3,17,1898,4,10,1898,0,0,3,2,4,1,1,mic-1.0
380,5,-9,1856,5,-9,1856,0,0,7,3,5,1,1,mic-1.0
381,11,19,1864,11,27,1864,0,0,7,3,4,1,1,mic-1.0
391,9,6,1898,10,5,1898,0,0,16,4,4,4,1,mic-1.0
394,6,22,1914,6,24,1915,0,0,14,4,1,1,1,mic-1.0
395,2,23,1916,3,9,1916,0,0,15,4,9,1,1,mic-1.0
397,10,8,1914,10,16,1915,0,0,16,4,9,1,4,mic-1.0
398,5,1,1915,4,9,1917,0,0,16,4,5,1,1,mic-1.0
400,4,4,1917,11,2,1917,0,0,16,4,9,1,1,mic-1.0
407,9,-9,1931,9,-9,1931,0,0,16,4,2,1,1,mic-1.0
409,5,19,1937,7,31,1938,66,230,17,4,5,1,1,mic-1.0
418,5,16,1940,10,28,1940,9,9,16,4,9,1,1,mic-1.0
420,4,30,1941,5,31,1941,550,1036,22,5,1,4,1,mic-1.0
501,1,31,1831,1,31,1831,0,0,4,2,4,1,1,mic-1.0
502,2,12,1864,7,28,1864,0,0,7,3,2,1,2,mic-1.0
503,9,24,1939,10,5,1939,0,0,7,3,4,1,1,mic-1.0
504,6,14,1940,6,15,1940,0,0,14,4,1,1,1,mic-1.0
505,6,10,1940,6,16,1940,0,0,13,4,1,1,1,mic-1.0
506,7,12,1881,8,-9,1881,0,0,7,3,5,1,1,mic-1.0
507,4,2,1882,6,17,1882,0,0,7,3,5,1,1,mic-1.0
509,8,5,1866,8,5,1866,0,0,1,2,4,1,1,mic-1.0
511,2,24,1899,5,-9,1899,0,0,7,3,5,1,1,mic-1.0
523,8,16,1941,1,29,1942,695,1045,16,4,1,2,1,mic-1.0
603,8,2,1946,8,17,1946,0,0,7,3,5,1,2,mic-1.0
604,8,30,1949,9,9,1949,1,1,16,4,4,1,1,mic-1.0
605,7,30,1956,12,12,1956,10,10,17,4,6,1,1,mic-1.0
606,10,23,1956,11,14,1956,3092,3520,22,5,1,1,1,mic-1.0
607,4,13,1957,4,13,1958,0,0,17,4,5,3,4,mic-1.0
608,11,7,1958,6,23,1959,0,0,15,4,5,1,3,mic-1.0
610,10,21,1962,6,30,1965,53,105,17,4,5,1,1,mic-1.0
611,5,25,1964,4,30,1975,883003,1124302,22,5,2,2,9,mic-1.0
612,2,27,1921,3,17,1921,0,0,7,3,6,1,1,mic-1.0
613,8,16,1940,1,28,1941,438,690,22,5,1,1,1,mic-1.0
616,10,29,1935,11,30,1935,0,0,15,4,5,1,1,mic-1.0
617,2,4,1942,2,4,1942,0,0,7,3,4,1,1,mic-1.0
619,11,19,1975,6,1,1976,0,0,16,4,1,1,1,mic-1.0
620,1,5,1939,1,16,1939,0,0,1,2,5,1,2,mic-1.0
623,8,-9,1965,12,12,1965,38,38,17,4,5,1,1,mic-1.0
624,2,22,1963,3,8,1963,0,0,8,3,5,1,1,mic-1.0
625,7,29,1922,7,29,1922,0,0,1,2,4,3,1,mic-1.0
1002,4,26,1963,6,3,1963,0,0,16,4,5,1,4,mic-1.0
1006,4,24,1950,1,26,1959,154,241,17,4,5,2,1,mic-1.0
1013,1,12,1957,10,28,1957,0,0,16,4,5,1,1,mic-1.0
1018,6,14,1962,7,4,1962,3,3,17,4,5,1,1,mic-1.0
1019,8,25,1963,9,5,1965,5,5,17,4,5,1,1,mic-1.0
1021,4,27,1960,8,18,1962,70,228,17,4,4,1,1,mic-1.0
1023,12,11,1951,1,9,1952,0,0,15,4,3,1,1,mic-1.0
1024,11,7,1957,2,27,1959,0,0,15,4,6,1,1,mic-1.0
1025,8,26,1927,8,-9,1927,0,0,11,3,5,1,1,mic-1.0
1026,10,7,1928,1,4,1929,4,40,17,4,6,1,1,mic-1.0
1027,6,15,1931,10,7,1935,25417,65462,22,5,1,1,1,mic-1.0
1029,6,-9,1938,7,21,1938,0,0,7,3,6,1,1,mic-1.0
1035,8,15,1966,8,14,1970,5375,13119,22,5,2,1,6,mic-1.0
1039,9,2,1970,9,26,1970,202,500,17,4,6,2,2,mic-1.0
1046,10,14,1971,10,28,1973,8101,13665,22,5,5,5,1,mic-1.0
1051,5,6,1968,6,15,1968,1,1,17,4,5,1,1,mic-1.0
1061,4,12,1974,1,12,1976,11,11,17,4,5,1,2,mic-1.0
1062,8,28,1953,12,20,1953,0,0,11,3,5,1,1,mic-1.0
1063,6,13,1908,12,23,1908,0,0,16,4,4,1,1,mic-1.0
1066,12,17,1941,12,17,1941,0,0,14,4,7,1,1,mic-1.0
1068,8,15,1970,10,14,1970,0,0,15,4,7,1,1,mic-1.0
1070,2,1,1963,11,21,1965,118,232,17,4,5,1,4,mic-1.0
1072,4,3,1968,9,18,1968,0,0,10,3,5,1,1,mic-1.0
1073,8,3,1954,5,4,1955,0,0,8,3,5,1,1,mic-1.0
1074,8,17,1961,12,19,1961,38,67,17,4,1,1,1,mic-1.0
1077,9,22,1947,2,24,1948,0,0,14,4,1,1,1,mic-1.0
1079,6,17,1951,8,4,1951,6,6,16,4,5,1,1,mic-1.0
1081,7,16,1971,8,13,1971,1,1,17,4,5,1,1,mic-1.0
1083,7,5,1962,10,9,1962,52,200,17,4,5,1,1,mic-1.0
1084,9,-9,1963,11,1,1963,64,135,17,4,6,1,1,mic-1.0
1086,5,9,1909,1,-9,1910,3626,6965,22,5,1,1,1,mic-1.0
1087,5,23,1911,12,30,1911,0,0,16,4,1,1,1,mic-1.0
1091,2,9,1958,2,28,1958,0,0,15,4,5,1,1,mic-1.0
1093,5,-9,1900,11,-9,1900,0,0,14,4,6,1,1,mic-1.0
1095,1,-9,1912,2,28,1912,0,0,16,4,3,1,1,mic-1.0
1097,7,26,1952,8,22,1952,0,0,14,4,3,1,1,mic-1.0
1098,8,4,1955,9,-9,1955,0,0,14,4,3,1,1,mic-1.0
1099,1,12,1958,3,24,1960,0,0,16,4,5,1,1,mic-1.0
1102,9,17,1963,11,5,1963,0,0,7,3,5,1,1,mic-1.0
1104,5,5,1972,5,25,1972,7,17,16,4,5,1,1,mic-1.0
1105,11,18,1973,11,18,1973,0,0,16,4,5,1,1,mic-1.0
1106,10,17,1975,3,11,1976,102,275,16,4,3,2,1,mic-1.0
1107,10,17,1971,10,28,1972,0,0,16,4,6,1,1,mic-1.0
1108,10,7,1962,3,7,1963,156,770,17,4,5,2,3,mic-1.0
1109,5,1,1966,5,14,1967,4,4,16,4,5,1,1,mic-1.0
1110,11,26,1969,12,3,1969,9,36,17,4,5,1,1,mic-1.0
1112,12,19,1949,4,8,1950,0,0,12,3,5,1,1,mic-1.0
1114,6,-9,1959,7,24,1959,0,0,8,3,5,2,1,mic-1.0
1115,5,8,1967,5,8,1967,1,1,17,4,5,1,1,mic-1.0
1117,11,21,1957,4,2,1958,260,570,22,5,6,2,1,mic-1.0
1118,1,1,1972,6,-9,1972,0,0,15,4,7,1,1,mic-1.0
1119,1,-9,1973,1,2,1974,0,0,17,4,6,1,1,mic-1.0
1120,2,-9,1901,6,17,1901,0,0,17,4,6,1,1,mic-1.0
1123,7,9,1962,8,19,1962,3,3,16,4,5,1,1,mic-1.0
1124,12,29,1958,1,29,1959,0,0,16,4,5,1,2,mic-1.0
1129,11,14,1933,6,14,1934,1875,2325,22,5,1,1,4,mic-1.0
1131,11,13,1914,3,20,1917,0,0,17,4,5,1,1,mic-1.0
1132,11,3,1918,11,3,1918,0,0,16,4,5,1,1,mic-1.0
1133,5,18,1920,2,26,1921,0,0,16,4,1,1,2,mic-1.0
1135,1,17,1972,4,14,1972,2,20,17,4,5,1,1,mic-1.0
1136,3,6,1969,6,14,1969,0,0,16,4,5,1,1,mic-1.0
1138,9,22,1959,1,2,1960,0,0,16,4,5,1,1,mic-1.0
1139,9,1,1932,5,7,1933,42,120,17,4,6,1,1,mic-1.0
1141,4,-9,1934,5,24,1934,0,0,7,3,2,1,1,mic-1.0
1142,12,19,1917,12,29,1917,0,0,17,4,1,1,1,mic-1.0
1145,6,27,1904,7,28,1904,30,30,16,4,5,1,1,mic-1.0
1147,4,4,1910,5,18,1910,0,0,11,3,5,1,1,mic-1.0
1148,4,22,1912,3,-9,1913,0,0,14,4,4,1,1,mic-1.0
1151,10,10,1932,11,13,1932,2,50,17,4,5,1,1,mic-1.0
1152,12,-9,1934,2,-9,1935,0,0,11,3,1,1,1,mic-1.0
1153,6,1,1938,6,18,1938,4,20,17,4,5,1,1,mic-1.0
1154,5,-9,1940,1,29,1942,406,703,22,5,1,1,1,mic-1.0
1155,8,9,1951,8,14,1951,2,2,17,4,5,1,1,mic-1.0
1156,1,24,1954,3,4,1954,0,0,15,4,5,1,1,mic-1.0
1157,8,10,1955,8,13,1955,0,0,15,4,5,1,1,mic-1.0
1160,10,-9,1907,10,-9,1907,0,0,16,4,5,1,1,mic-1.0
1161,1,18,1911,7,19,1911,2,20,16,4,2,1,1,mic-1.0
1163,10,21,1902,6,22,1903,0,0,17,4,6,1,1,mic-1.0
1166,10,14,1966,4,12,1967,0,0,14,4,5,1,1,mic-1.0
1169,10,-9,1927,2,14,1928,0,0,17,4,6,1,1,mic-1.0
1170,3,31,1929,9,-9,1929,0,0,16,4,5,2,1,mic-1.0
1171,8,-9,1935,9,-9,1935,4,20,17,4,5,1,1,mic-1.0
1172,1,25,1969,7,24,1969,0,0,14,4,5,1,1,mic-1.0
1173,2,-9,1957,6,23,1957,35,35,17,4,6,1,1,mic-1.0
1174,9,17,1900,10,-9,1901,100,200,17,4,5,1,1,mic-1.0
1175,2,19,1917,12,29,1917,0,0,14,4,5,1,1,mic-1.0
1178,1,26,1902,3,21,1903,0,0,15,4,1,1,1,mic-1.0
1179,1,-9,1906,1,-9,1906,0,0,11,3,5,1,1,mic-1.0
1180,12,7,1910,3,30,1911,2,50,17,4,6,1,1,mic-1.0
1181,5,-9,1911,10,24,1911,0,0,11,3,5,1,1,mic-1.0
1182,10,-9,1918,10,-9,1918,0,0,11,3,5,1,1,mic-1.0
1184,6,14,1920,9,10,1920,0,0,10,3,5,1,2,mic-1.0
1189,11,-9,1975,7,-9,1976,0,0,12,3,5,1,1,mic-1.0
1190,7,13,1976,8,9,1976,2,2,17,4,6,1,1,mic-1.0
1191,9,11,1976,1,-9,1977,0,0,16,4,5,1,1,mic-1.0
1193,4,6,1954,2,24,1955,0,0,16,4,6,1,2,mic-1.0
1195,7,2,1918,8,30,1918,0,0,16,4,5,1,1,mic-1.0
1196,12,24,1913,1,-9,1914,0,0,7,3,5,1,1,mic-1.0
1197,9,1,1943,9,1,1943,2,24,17,4,5,1,1,mic-1.0
1202,12,-9,1906,9,17,1907,1338,2551,22,5,2,2,1,mic-1.0
1203,1,3,1909,5,25,1909,0,0,16,4,6,3,1,mic-1.0
1205,3,-9,1906,7,20,1906,951,4000,22,5,5,1,3,mic-1.0
1206,6,24,1969,7,18,1969,1169,1854,22,5,5,1,1,mic-1.0
1207,4,2,1912,7,12,1912,0,0,14,4,5,1,1,mic-1.0
1208,12,-9,1959,12,28,1959,1,1,17,4,5,1,1,mic-1.0
1209,5,15,1962,11,-9,1962,2,50,17,4,5,1,1,mic-1.0
1213,3,19,1964,4,28,1969,31,127,17,4,9,3,2,mic-1.0
1214,2,-9,1956,2,-9,1956,0,0,15,4,5,1,1,mic-1.0
1215,5,-9,1958,6,29,1958,0,0,16,4,5,1,1,mic-1.0
1219,1,1,1919,3,18,1921,34486,47580,22,5,2,2,1,mic-1.0
1225,11,-9,1953,5,-9,1954,0,0,14,4,1,1,1,mic-1.0
1226,8,4,1958,2,6,1959,0,0,15,4,5,1,1,mic-1.0
1227,6,16,1961,11,9,1961,0,0,11,3,5,1,1,mic-1.0
1228,6,16,1962,11,13,1962,0,0,17,4,5,1,1,mic-1.0
1229,4,14,1964,9,30,1966,24,246,17,4,4,1,1,mic-1.0
1230,6,21,1967,6,21,1967,0,0,1,2,5,1,1,mic-1.0
1231,5,29,1975,2,20,1976,9,33,17,4,5,1,1,mic-1.0
1232,8,2,1976,6,25,1987,345,419,17,4,1,2,1,mic-1.0
1233,8,28,1921,10,13,1921,2,20,17,4,3,1,1,mic-1.0
1234,12,24,1920,7,-9,1921,0,0,10,3,5,1,2,mic-1.0
1235,8,6,1921,11,17,1921,100,300,17,4,6,1,1,mic-1.0
1238,10,22,1947,1,1,1949,2179,5660,22,5,6,1,1,mic-1.0
1240,9,-9,1923,9,15,1923,0,0,7,3,5,1,1,mic-1.0
1241,10,16,1925,10,29,1925,32,62,17,4,5,1,1,mic-1.0
1243,3,10,1938,3,20,1938,1,1,17,4,3,1,1,mic-1.0
1244,9,21,1938,11,28,1938,2,2,17,4,2,1,1,mic-1.0
1249,8,-9,1909,8,-9,1909,0,0,7,3,5,1,1,mic-1.0
1250,9,3,1912,5,30,1913,52310,67450,22,5,1,3,1,mic-1.0
1251,4,18,1913,9,29,1913,28962,40915,22,5,2,4,1,mic-1.0
1262,9,15,1918,3,14,1919,0,0,14,4,4,3,1,mic-1.0
1263,11,-9,1918,11,-9,1918,0,0,14,4,1,1,1,mic-1.0
1265,3,20,1919,8,18,1919,9200,12200,22,5,1,5,1,mic-1.0
1268,1,23,1919,2,3,1919,80,160,16,4,6,1,1,mic-1.0
1270,5,4,1919,10,14,1922,36247,44847,22,5,2,1,1,mic-1.0
1272,4,26,1919,11,30,1920,610,890,22,5,1,2,1,mic-1.0
1273,3,15,1921,10,20,1921,60,150,16,4,6,1,1,mic-1.0
1274,10,5,1908,4,19,1909,0,0,10,3,3,1,1,mic-1.0
1279,12,25,1963,8,10,1964,1,25,16,4,5,1,1,mic-1.0
1280,11,17,1967,12,1,1967,0,0,11,3,6,1,2,mic-1.0
1284,7,28,1948,8,13,1948,3,27,16,4,5,1,1,mic-1.0
1285,8,6,1949,8,10,1949,2,50,17,4,5,1,1,mic-1.0
1286,8,9,1949,12,14,1951,2,2,17,4,5,4,2,mic-1.0
1289,6,3,1976,9,1,1976,0,0,10,3,5,1,1,mic-1.0
1292,3,28,1974,6,5,1974,0,0,11,3,5,1,1,mic-1.0
1293,7,15,1974,8,16,1974,720,1560,22,5,1,1,2,mic-1.0
1295,7,27,1952,8,13,1952,1,1,17,4,2,1,1,mic-1.0
1300,5,7,1955,5,7,1955,6,6,17,4,5,1,1,mic-1.0
1301,2,16,1956,3,19,1956,11,11,17,4,5,1,1,mic-1.0
1302,3,11,1958,6,22,1959,6,6,17,4,6,1,1,mic-1.0
1303,9,14,1960,10,7,1960,0,0,17,4,5,1,1,mic-1.0
1304,5,19,1961,6,11,1961,2,2,17,4,5,1,1,mic-1.0
1305,5,4,1955,9,9,1955,0,0,10,3,5,1,1,mic-1.0
1306,6,17,1950,10,5,1950,57,205,17,4,5,1,1,mic-1.0
1307,3,27,1949,3,27,1949,0,0,16,4,5,1,1,mic-1.0
1308,2,23,1950,6,11,1950,2,50,17,4,5,1,1,mic-1.0
1310,9,17,1962,10,17,1962,2,2,17,4,5,1,1,mic-1.0
1312,2,21,1964,1,10,1966,2631,4230,22,5,5,1,1,mic-1.0
1317,7,-9,1963,8,-9,1963,0,0,14,4,6,1,1,mic-1.0
1319,2,5,1965,3,17,1965,1,1,16,4,5,1,1,mic-1.0
1321,7,5,1960,9,2,1960,62,210,17,4,3,1,1,mic-1.0
1322,9,12,1966,9,17,1966,0,0,16,4,6,1,1,mic-1.0
1323,1,1,1969,2,3,1969,0,0,13,4,6,1,1,mic-1.0
1324,10,17,1966,10,17,1966,0,0,1,2,5,3,1,mic-1.0
1325,11,23,1969,6,16,1970,0,0,8,3,6,1,1,mic-1.0
1328,1,-9,1965,1,-9,1965,0,0,7,3,5,1,1,mic-1.0
1331,10,28,1975,11,9,1975,0,0,8,3,4,2,2,mic-1.0
1333,8,6,1976,3,3,1978,16,16,17,4,5,1,1,mic-1.0
1334,10,11,1975,10,19,1975,0,0,16,4,5,1,1,mic-1.0
1337,9,9,1976,3,8,1977,0,0,14,4,5,1,1,mic-1.0
1339,11,16,1976,11,16,1976,3,10,16,4,5,1,1,mic-1.0
1340,8,23,1972,11,13,1972,0,0,16,4,6,1,1,mic-1.0
1342,5,4,1973,5,4,1973,0,0,17,4,5,1,1,mic-1.0
1343,10,9,1967,10,9,1967,2,2,17,4,5,1,1,mic-1.0
1345,7,25,1954,1,21,1955,0,0,14,4,5,1,1,mic-1.0
1350,12,-9,1958,1,7,1960,0,0,16,4,5,1,1,mic-1.0
1351,3,17,1966,4,25,1966,1,1,17,4,3,1,1,mic-1.0
1352,2,19,1967,8,25,1967,0,0,15,4,7,1,1,mic-1.0
1353,1,-9,1962,2,20,1973,8235,16806,22,5,6,3,7,mic-1.0
1360,3,7,1969,4,-9,1970,229,550,17,4,9,1,1,mic-1.0
1361,1,22,1964,1,26,1964,0,0,16,4,5,1,1,mic-1.0
1362,3,15,1973,7,21,1973,0,0,16,4,6,1,1,mic-1.0
1363,12,16,1960,5,3,1961,52,200,17,4,5,3,3,mic-1.0
1364,4,14,1972,4,14,1972,2,2,17,4,5,1,1,mic-1.0
1366,5,16,1965,5,26,1965,0,0,15,4,7,1,1,mic-1.0
1367,2,13,1973,2,13,1973,0,0,16,4,5,1,1,mic-1.0
1368,2,26,1976,9,22,1976,0,0,16,4,3,1,1,mic-1.0
1374,1,-9,1950,11,7,1953,390,1155,17,4,5,1,1,mic-1.0
1376,7,7,1975,12,30,1975,1,1,17,4,6,1,1,mic-1.0
1377,7,4,1976,7,4,1976,21,21,17,4,5,1,1,mic-1.0
1378,2,-9,1967,10,28,1967,4,100,17,4,6,1,2,mic-1.0
1379,6,1,1962,9,19,1971,325,424,17,4,5,1,2,mic-1.0
1380,1,27,1971,11,23,1971,30,59,17,4,6,1,1,mic-1.0
1381,9,17,1972,5,28,1973,11,59,17,4,5,1,2,mic-1.0
1382,7,13,1974,9,7,1975,0,0,15,4,5,1,3,mic-1.0
1385,11,25,1969,1,-9,1971,11,35,16,4,5,1,1,mic-1.0
1386,1,20,1973,1,20,1973,0,0,12,3,5,1,1,mic-1.0
1387,12,16,1961,12,21,1961,0,0,12,3,5,1,1,mic-1.0
1390,12,16,1972,5,19,1973,0,0,16,4,5,3,1,mic-1.0
1391,3,8,1971,4,12,1971,0,0,15,4,5,1,1,mic-1.0
1392,5,18,1966,12,25,1966,0,0,16,4,5,1,1,mic-1.0
1396,11,20,1974,11,20,1974,0,0,17,4,5,1,1,mic-1.0
1399,3,25,1969,3,25,1969,0,0,11,3,5,1,1,mic-1.0
1400,4,6,1968,7,27,1968,0,0,1,2,5,1,1,mic-1.0
1404,12,13,1971,12,16,1971,0,0,14,4,5,1,1,mic-1.0
1406,2,-9,1969,4,4,1969,0,0,14,4,5,1,1,mic-1.0
1407,12,27,1963,3,-9,1964,0,0,13,4,6,1,1,mic-1.0
1408,10,-9,1966,11,5,1966,0,0,15,4,7,1,1,mic-1.0
1410,7,23,1962,7,23,1962,0,0,17,4,5,1,1,mic-1.0
1411,11,25,1974,6,18,1975,2,50,17,4,6,1,1,mic-1.0
1418,1,-9,1963,1,-9,1963,0,0,7,3,5,1,1,mic-1.0
1419,1,16,1965,5,29,1965,1,1,16,4,7,1,1,mic-1.0
1422,6,4,1967,7,4,1967,0,0,17,4,5,1,1,mic-1.0
1423,8,10,1960,8,29,1961,0,0,16,4,6,1,1,mic-1.0
1425,11,16,1963,4,19,1964,83,262,17,4,5,1,1,mic-1.0
1426,12,26,1963,3,29,1964,0,0,17,4,5,2,1,mic-1.0
1427,5,26,1974,5,28,1974,0,0,15,4,7,1,1,mic-1.0
1428,12,14,1975,12,20,1975,9,9,17,4,5,1,1,mic-1.0
1430,10,9,1975,11,27,1977,19,92,17,4,5,2,1,mic-1.0
1435,5,8,1977,1,7,1979,4359,12275,22,5,1,1,1,mic-1.0
1441,10,14,1975,8,30,1988,910,4694,22,5,6,3,3,mic-1.0
1447,3,25,1971,12,17,1971,8471,11379,22,5,2,1,1,mic-1.0
1450,9,7,1975,7,17,1976,0,0,16,4,7,1,1,mic-1.0
1452,6,-9,1956,10,2,1956,0,0,15,4,5,1,2,mic-1.0
1463,3,22,1965,3,24,1965,0,0,15,4,7,1,1,mic-1.0
1466,3,28,1962,10,5,1962,0,0,16,4,5,2,1,mic-1.0
1469,4,19,1976,4,20,1976,0,0,17,4,5,1,1,mic-1.0
1472,2,15,1975,9,1,1975,5,5,17,4,5,1,2,mic-1.0
1477,3,2,1918,4,25,1918,0,0,14,4,4,1,1,mic-1.0
1480,6,29,1967,8,7,1970,1187,2424,22,5,5,1,4,mic-1.0
1482,4,14,1864,5,9,1866,152,269,17,4,4,1,2,mic-1.0
1486,12,4,1884,4,18,1885,3,3,17,4,5,1,1,mic-1.0
1488,10,-9,1885,10,-9,1885,0,0,7,3,5,3,1,mic-1.0
1489,3,30,1874,10,31,1874,0,0,16,4,4,1,1,mic-1.0
1490,6,5,1894,4,17,1895,10576,12565,22,5,1,1,2,mic-1.0
1493,6,-9,1849,6,-9,1849,0,0,15,4,5,1,1,mic-1.0
1494,12,12,1854,6,12,1855,0,0,14,4,1,1,1,mic-1.0
1495,3,20,1856,3,20,1856,0,0,7,3,4,1,1,mic-1.0
1497,5,4,1870,6,-9,1870,0,0,15,4,5,1,1,mic-1.0
1498,11,7,1846,2,6,1847,0,0,8,3,4,2,1,mic-1.0
1500,8,20,1857,2,20,1858,0,0,14,4,1,1,1,mic-1.0
1502,1,25,1863,12,-9,1863,0,0,7,3,5,1,1,mic-1.0
1503,8,-9,1872,8,-9,1872,0,0,7,3,5,1,1,mic-1.0
1506,4,13,1852,3,16,1853,0,0,10,3,6,1,2,mic-1.0
1507,9,21,1843,3,21,1844,0,0,14,4,1,1,1,mic-1.0
1508,4,7,1873,11,25,1873,0,0,7,3,5,1,1,mic-1.0
1510,10,15,1878,12,6,1878,0,0,15,4,6,1,1,mic-1.0
1511,5,-9,1879,11,-9,1879,0,0,14,4,1,1,1,mic-1.0
1512,12,-9,1891,12,-9,1891,0,0,1,2,4,1,1,mic-1.0
1513,1,-9,1898,9,22,1898,0,0,11,3,3,1,1,mic-1.0
1515,3,-9,1884,3,-9,1884,0,0,3,2,4,1,1,mic-1.0
1517,1,22,1883,1,22,1883,0,0,1,2,5,3,1,mic-1.0
1518,11,8,1878,10,20,1883,10897,14731,22,5,1,1,2,mic-1.0
1519,8,15,1863,12,30,1863,180,560,22,5,1,1,1,mic-1.0
1520,6,19,1862,7,31,1862,52,200,17,4,1,1,1,mic-1.0
1521,11,-9,1857,11,-9,1857,0,0,16,4,6,1,1,mic-1.0
1522,6,-9,1856,10,11,1856,0,0,1,2,4,1,1,mic-1.0
1526,3,24,1874,3,24,1874,0,0,7,3,5,1,1,mic-1.0
1527,3,22,1872,11,19,1872,0,0,10,3,6,1,1,mic-1.0
1528,5,4,1851,2,3,1852,1057,1462,22,5,1,1,1,mic-1.0
1529,2,21,1891,4,22,1891,0,0,7,3,3,1,1,mic-1.0
1530,10,16,1888,12,20,1888,0,0,15,4,7,1,1,mic-1.0
1531,2,27,1882,2,27,1882,0,0,1,2,6,1,1,mic-1.0
1532,11,-9,1869,11,-9,1869,0,0,7,3,5,1,1,mic-1.0
1533,1,-9,1876,5,8,1876,1226,2260,22,5,1,1,1,mic-1.0
1534,6,27,1890,8,26,1890,306,700,17,4,4,1,1,mic-1.0
1535,3,10,1885,4,15,1885,975,1125,22,5,2,1,3,mic-1.0
1540,12,5,1840,5,18,1841,0,0,7,3,4,1,1,mic-1.0
1541,9,-9,1893,10,11,1893,0,0,15,4,5,1,1,mic-1.0
1543,2,-9,1880,2,-9,1880,0,0,7,3,5,1,1,mic-1.0
1544,9,26,1876,8,20,1878,0,0,17,4,5,1,1,mic-1.0
1545,3,26,1875,6,12,1875,2,20,17,4,5,1,1,mic-1.0
1549,3,6,1860,3,20,1860,16,16,17,4,1,1,1,mic-1.0
1550,10,6,1855,10,8,1855,0,0,12,3,5,1,1,mic-1.0
1551,11,-9,1850,11,-9,1850,0,0,3,2,3,1,1,mic-1.0
1552,8,23,1843,3,30,1848,9620,14140,22,5,1,1,1,mic-1.0
1553,2,-9,1838,4,-9,1838,0,0,7,3,3,1,1,mic-1.0
1554,4,4,1836,4,19,1837,0,0,17,4,7,1,1,mic-1.0
1556,3,-9,1839,3,-9,1839,0,0,15,4,7,1,1,mic-1.0
1557,1,25,1898,8,13,1898,4501,4796,22,5,1,1,1,mic-1.0
1564,3,6,1855,3,19,1855,0,0,15,4,5,1,1,mic-1.0
1565,2,28,1854,4,8,1854,0,0,15,4,7,1,1,mic-1.0
1566,5,-9,1850,6,-9,1850,0,0,15,4,6,1,1,mic-1.0
1567,3,15,1818,9,15,1818,2,40,16,4,1,1,1,mic-1.0
1569,12,-9,1896,5,20,1897,1850,2150,22,5,2,1,1,mic-1.0
1571,8,29,1882,9,6,1882,2,20,17,4,5,1,1,mic-1.0
1573,1,7,1878,2,6,1878,0,0,14,4,3,1,1,mic-1.0
1575,11,19,1868,1,20,1869,0,0,7,3,3,1,1,mic-1.0
1576,10,24,1866,10,24,1866,0,0,7,3,5,1,1,mic-1.0
1579,9,-9,1829,9,25,1829,252,525,17,4,4,1,1,mic-1.0
1580,10,22,1859,4,26,1860,4750,6500,22,5,1,1,1,mic-1.0
1581,10,2,1893,3,30,1894,202,306,16,4,4,1,1,mic-1.0
1586,1,-9,1846,6,22,1846,0,0,12,3,5,1,1,mic-1.0
1587,9,-9,1850,10,14,1850,0,0,17,4,2,1,1,mic-1.0
1588,12,11,1854,3,21,1855,0,0,7,3,6,1,1,mic-1.0
1589,4,-9,1862,5,-9,1862,0,0,16,4,5,1,1,mic-1.0
1590,8,30,1864,3,9,1870,58392,83313,22,5,2,1,2,mic-1.0
1593,10,26,1858,5,3,1859,0,0,13,4,1,1,1,mic-1.0
1595,8,10,1862,2,10,1863,0,0,7,3,5,1,2,mic-1.0
1596,9,-9,1893,1,23,1894,0,0,15,4,6,1,1,mic-1.0
1597,10,-9,1899,4,-9,1900,0,0,14,4,1,1,1,mic-1.0
1598,4,-9,1912,4,-9,1912,0,0,7,3,5,1,1,mic-1.0
1599,10,-9,1889,10,-9,1889,0,0,7,3,5,1,1,mic-1.0
1600,7,-9,1866,7,-9,1866,0,0,7,3,5,1,1,mic-1.0
1601,12,23,1887,6,20,1888,0,0,14,4,4,1,1,mic-1.0
1605,3,23,1970,5,-9,1970,0,0,14,4,3,1,1,mic-1.0
1608,11,6,1965,12,11,1965,1,1,17,4,6,1,1,mic-1.0
1609,8,-9,1967,5,7,1968,0,0,15,4,5,1,1,mic-1.0
1610,2,24,1968,8,13,1968,7,19,17,4,5,1,1,mic-1.0
1612,12,21,1972,4,6,1973,2,2,17,4,3,1,2,mic-1.0
1613,3,7,1975,6,25,1975,2,2,17,4,5,1,1,mic-1.0
1622,10,30,1826,11,22,1826,0,0,2,2,4,1,1,mic-1.0
1623,5,20,1836,1,31,1837,0,0,15,4,7,1,1,mic-1.0
1628,5,-9,1858,8,27,1858,0,0,13,4,6,2,1,mic-1.0
1629,11,29,1859,11,30,1859,0,0,15,4,7,1,1,mic-1.0
1631,12,20,1860,12,20,1860,0,0,1,2,5,1,3,mic-1.0
1632,6,15,1872,6,16,1872,0,0,16,4,1,1,1,mic-1.0
1635,7,23,1877,11,-9,1877,0,0,10,3,5,1,1,mic-1.0
1637,1,-9,1881,7,-9,1881,0,0,7,3,3,1,2,mic-1.0
1639,10,-9,1886,8,-9,1887,0,0,14,4,1,1,1,mic-1.0
1642,10,14,1890,10,14,1890,0,0,7,3,6,1,1,mic-1.0
1643,1,22,1891,2,4,1891,0,0,7,3,2,2,1,mic-1.0
1644,1,10,1895,3,11,1895,0,0,7,3,6,1,2,mic-1.0
1645,1,3,1895,7,2,1895,0,0,14,4,5,1,1,mic-1.0
1646,5,-9,1895,8,15,1895,85,85,17,4,6,1,1,mic-1.0
1647,5,15,1895,3,16,1896,51,85,16,4,6,1,1,mic-1.0
1648,9,21,1897,12,6,1897,0,0,15,4,7,1,1,mic-1.0
1649,10,11,1899,10,14,1899,0,0,2,2,4,1,1,mic-1.0
1650,6,-9,1905,6,-9,1905,0,0,7,3,5,1,1,mic-1.0
1660,2,1,1917,5,8,1917,0,0,15,4,7,1,1,mic-1.0
1661,3,18,1915,11,6,1918,0,0,16,4,8,1,1,mic-1.0
1665,1,6,1921,1,6,1921,0,0,1,2,4,1,1,mic-1.0
1666,5,-9,1921,5,-9,1921,0,0,7,3,5,1,1,mic-1.0
1668,11,-9,1922,9,29,1923,0,0,13,4,4,1,1,mic-1.0
1669,12,-9,1923,6,-9,1924,0,0,14,4,1,1,1,mic-1.0
1670,4,-9,1926,7,-9,1926,0,0,7,3,5,1,1,mic-1.0
1671,9,11,1926,7,3,1927,0,0,16,4,5,1,1,mic-1.0
1672,10,28,1927,10,31,1927,0,0,7,3,6,1,3,mic-1.0
1674,2,28,1927,7,12,1927,0,0,15,4,7,1,1,mic-1.0
1677,8,-9,1933,1,24,1934,0,0,13,4,4,1,1,mic-1.0
1683,3,-9,1883,9,-9,1883,0,0,16,4,6,1,1,mic-1.0
1685,9,14,1939,9,18,1939,0,0,17,4,5,1,1,mic-1.0
1686,8,29,1939,8,29,1939,0,0,10,3,5,1,1,mic-1.0
1695,2,-9,1944,9,16,1944,0,0,17,4,1,1,1,mic-1.0
1698,2,15,1947,7,17,1948,0,0,14,4,5,2,1,mic-1.0
1701,6,16,1952,6,17,1952,0,0,16,4,5,1,1,mic-1.0
1703,7,2,1952,10,26,1952,0,0,16,4,5,1,5,mic-1.0
1707,7,2,1958,10,22,1958,3,3,17,4,5,1,1,mic-1.0
1709,12,30,1959,12,30,1959,0,0,1,2,5,1,1,mic-1.0
1710,1,10,1960,1,10,1960,1,1,16,4,5,1,1,mic-1.0
1711,2,17,1960,5,31,1960,1,25,16,4,5,1,1,mic-1.0
1713,7,22,1966,12,30,1966,0,0,15,4,7,1,1,mic-1.0
1714,3,27,1866,3,31,1866,0,0,7,3,3,1,1,mic-1.0
1715,6,19,1967,10,10,1967,30,88,17,4,5,1,1,mic-1.0
1717,8,8,1969,11,30,1969,0,0,8,3,5,1,1,mic-1.0
1718,8,2,1971,8,8,1971,0,0,7,3,5,3,1,mic-1.0
1723,3,21,1918,10,14,1920,376,743,16,4,6,1,1,mic-1.0
1733,1,23,1932,1,25,1932,0,0,7,3,5,3,1,mic-1.0
1736,6,1,1924,11,28,1924,0,0,14,4,5,1,1,mic-1.0
1739,9,-9,1888,9,20,1888,0,0,15,4,5,1,1,mic-1.0
1740,2,13,1842,3,5,1842,0,0,14,4,5,1,1,mic-1.0
1743,10,3,1858,10,23,1858,0,0,7,3,7,1,1,mic-1.0
1750,5,24,1876,5,30,1876,0,0,7,3,4,1,1,mic-1.0
1752,7,6,1826,7,6,1826,0,0,7,3,4,1,1,mic-1.0
1753,7,27,1833,12,11,1833,0,0,15,4,7,1,1,mic-1.0
1755,6,16,1852,8,25,1852,0,0,7,3,3,1,1,mic-1.0
1757,10,-9,1856,1,-9,1857,0,0,7,3,8,1,1,mic-1.0
1762,6,17,1862,1,5,1863,0,0,15,4,7,1,1,mic-1.0
1763,5,4,1880,12,-9,1880,0,0,15,4,8,1,1,mic-1.0
1764,7,6,1885,8,-9,1885,0,0,7,3,5,1,1,mic-1.0
1771,7,18,1911,7,19,1911,0,0,7,3,5,1,1,mic-1.0
1773,8,8,1914,11,-9,1915,108,132,17,4,5,1,1,mic-1.0
1774,4,14,1915,10,11,1918,0,0,16,4,8,1,1,mic-1.0
1775,6,2,1915,7,-9,1915,0,0,8,3,5,1,1,mic-1.0
1777,12,-9,1918,8,1,1919,0,0,14,4,4,1,1,mic-1.0
1778,6,4,1920,8,5,1920,352,750,17,4,3,1,1,mic-1.0
1779,4,1,1922,7,29,1922,0,0,7,3,3,1,1,mic-1.0
1780,8,8,1923,9,16,1923,0,0,7,3,4,1,1,mic-1.0
1781,12,18,1925,8,31,1926,2,50,16,4,3,1,1,mic-1.0
1783,4,1,1940,6,8,1940,0,0,16,4,5,1,1,mic-1.0
1785,8,4,1941,6,6,1942,295,570,22,5,1,1,1,mic-1.0
1788,9,12,1943,9,18,1943,0,0,10,3,5,1,1,mic-1.0
1789,6,23,1942,7,3,1944,0,0,16,4,5,1,1,mic-1.0
1792,5,7,1946,11,17,1946,102,275,17,4,5,1,1,mic-1.0
1793,5,14,1948,7,20,1949,1819,4189,22,5,2,5,1,mic-1.0
1797,6,28,1960,7,31,1960,1,1,16,4,6,1,1,mic-1.0
1800,5,-9,1865,2,12,1866,0,0,16,4,4,1,1,mic-1.0
1801,6,3,1961,12,8,1961,0,0,8,3,4,1,1,mic-1.0
1804,11,11,1965,2,10,1966,0,0,8,3,5,2,1,mic-1.0
1807,10,10,1968,3,19,1969,0,0,15,4,7,1,1,mic-1.0
1808,1,26,1973,1,26,1973,0,0,7,3,5,1,1,mic-1.0
1809,6,26,1975,6,28,1975,0,0,15,4,7,1,1,mic-1.0
1825,12,11,1937,12,11,1937,1,1,16,4,5,1,1,mic-1.0
2000,5,11,1953,9,23,1953,2,50,17,4,5,1,1,mic-1.0
2001,9,20,1953,11,8,1953,20,100,16,4,3,1,1,mic-1.0
2002,5,21,1960,5,30,1960,0,0,7,3,5,1,1,mic-1.0
2005,2,4,1903,2,4,1903,0,0,1,2,5,1,1,mic-1.0
2006,1,9,1950,2,27,1950,0,0,16,4,7,1,1,mic-1.0
2009,7,27,1950,8,-9,1950,0,0,17,4,5,1,1,mic-1.0
2010,10,3,1950,10,28,1950,0,0,7,3,5,1,1,mic-1.0
2013,5,-9,1838,11,-9,1838,0,0,14,4,4,1,1,mic-1.0
2014,5,19,1864,5,19,1864,0,0,1,2,5,1,1,mic-1.0
2018,10,12,1953,10,27,1953,0,0,16,4,5,1,1,mic-1.0
2020,7,21,1948,10,18,1948,1,1,17,4,5,1,1,mic-1.0
2022,2,14,1952,3,-9,1952,0,0,8,3,5,1,1,mic-1.0
2023,10,-9,1953,3,27,1954,0,0,16,4,5,1,1,mic-1.0
2024,3,2,1955,3,2,1955,0,0,11,3,5,1,1,mic-1.0
2025,9,18,1957,10,-9,1957,0,0,14,4,5,1,1,mic-1.0
2029,12,30,1960,12,30,1960,0,0,7,3,5,1,1,mic-1.0
2030,8,-9,1960,10,29,1960,0,0,16,4,5,1,1,mic-1.0
2031,2,10,1964,3,-9,1964,0,0,16,4,5,1,1,mic-1.0
2032,5,10,1955,5,10,1955,1,25,17,4,5,1,1,mic-1.0
2033,7,23,1954,7,26,1954,0,0,17,4,5,1,1,mic-1.0
2035,7,27,1953,9,2,1953,16,16,17,4,5,1,2,mic-1.0
2038,8,16,1958,8,18,1958,0,0,7,3,5,1,1,mic-1.0
2040,2,-9,1920,2,29,1920,0,0,10,3,6,1,1,mic-1.0
2042,5,3,1957,5,3,1957,0,0,11,3,5,1,1,mic-1.0
2043,11,3,1866,11,3,1866,0,0,7,3,4,1,1,mic-1.0
2044,6,-9,1875,6,-9,1875,0,0,8,3,6,1,1,mic-1.0
2045,3,16,1876,3,16,1876,0,0,7,3,4,1,1,mic-1.0
2046,7,27,1890,8,25,1890,0,0,7,3,5,1,1,mic-1.0
2047,2,25,1911,3,5,1911,0,0,15,4,7,1,1,mic-1.0
2050,9,9,1932,5,25,1933,0,0,17,4,5,1,2,mic-1.0
2053,3,13,1979,2,1,1982,34,73,17,4,5,2,1,mic-1.0
2054,9,18,1983,5,11,1987,27,115,16,4,5,2,1,mic-1.0
2055,11,-9,1842,1,-9,1843,0,0,7,3,5,2,1,mic-1.0
2059,7,4,1971,7,4,1971,0,0,7,3,5,1,1,mic-1.0
2066,6,11,1965,6,11,1965,0,0,17,4,5,1,1,mic-1.0
2067,3,31,1966,3,31,1966,1,1,17,4,5,1,1,mic-1.0
2068,5,21,1973,5,21,1973,0,0,11,3,5,1,1,mic-1.0
2069,2,22,1977,2,-9,1979,5454,10650,22,5,2,1,3,mic-1.0
2071,2,24,1980,6,13,1981,2064,2639,17,4,5,1,1,mic-1.0
2072,7,6,1982,5,25,1984,860,1461,17,4,1,1,1,mic-1.0
2074,12,20,1984,1,1,1985,114,354,17,4,5,1,1,mic-1.0
2075,9,16,1985,10,20,1985,70,70,17,4,5,1,1,mic-1.0
2080,7,19,1964,7,29,1964,0,0,16,4,6,1,1,mic-1.0
2081,7,14,1977,2,20,1978,0,0,7,3,6,1,1,mic-1.0
2082,8,18,1978,1,8,1979,0,0,10,3,5,1,1,mic-1.0
2083,9,7,1980,3,4,1982,0,0,15,4,6,1,1,mic-1.0
2086,8,16,1983,8,16,1983,0,0,12,3,5,1,1,mic-1.0
2087,10,18,1984,10,18,1984,0,0,16,4,5,1,1,mic-1.0
2088,11,20,1950,11,20,1950,0,0,11,3,5,1,1,mic-1.0
2089,6,29,1954,9,19,1954,0,0,14,4,5,1,1,mic-1.0
2090,6,25,1955,10,3,1956,0,0,14,4,5,1,1,mic-1.0
2098,4,23,1969,4,24,1969,0,0,1,2,5,1,1,mic-1.0
2099,12,10,1971,12,10,1971,0,0,12,3,5,1,1,mic-1.0
2101,2,24,1979,2,24,1979,0,0,8,3,5,1,1,mic-1.0
2102,6,-9,1986,5,7,1987,0,0,14,4,5,1,1,mic-1.0
2103,12,-9,1934,1,4,1935,0,0,12,3,6,1,1,mic-1.0
2106,12,19,1965,1,12,1966,2,2,16,4,5,1,1,mic-1.0
2107,5,23,1966,5,23,1966,0,0,17,4,5,1,1,mic-1.0
2109,1,20,1970,2,5,1970,0,0,15,4,5,1,1,mic-1.0
2110,1,14,1972,5,-9,1972,4,32,17,4,5,1,1,mic-1.0
2111,1,2,1973,3,3,1973,6,6,17,4,5,1,1,mic-1.0
2112,12,24,1973,3,6,1975,83,296,17,4,1,1,1,mic-1.0
2115,6,4,1979,8,20,1988,369256,615610,22,5,3,1,1,mic-1.0
2116,10,19,1842,10,26,1842,0,0,14,4,5,1,1,mic-1.0
2117,6,17,1870,6,18,1870,0,0,7,3,4,1,1,mic-1.0
2118,1,15,1984,1,15,1984,1,1,17,4,5,1,1,mic-1.0
2119,1,23,1981,3,5,1981,1,1,17,4,6,1,1,mic-1.0
2120,7,8,1977,1,20,1978,0,0,17,4,6,1,1,mic-1.0
2121,2,27,1953,7,14,1953,0,0,15,4,2,1,1,mic-1.0
2122,10,21,1950,10,21,1950,0,0,10,3,5,1,1,mic-1.0
2123,2,26,1943,8,25,1943,0,0,14,4,2,1,1,mic-1.0
2125,4,-9,1937,12,-9,1937,0,0,12,3,6,1,1,mic-1.0
2126,1,27,1911,1,28,1911,1,25,17,4,5,1,1,mic-1.0
2127,8,-9,1891,8,-9,1891,0,0,12,3,5,1,1,mic-1.0
2128,8,10,1886,8,10,1886,0,0,11,3,4,1,1,mic-1.0
2129,4,-9,1921,4,-9,1921,0,0,11,3,5,1,1,mic-1.0
2130,10,-9,1923,12,-9,1923,0,0,11,3,5,1,1,mic-1.0
2131,10,-9,1924,10,-9,1924,0,0,11,3,5,1,1,mic-1.0
2132,2,25,1927,2,26,1927,1,1,16,4,7,1,1,mic-1.0
2133,1,16,1930,1,26,1930,2,2,17,4,5,1,1,mic-1.0
2136,11,7,1974,2,16,1975,0,0,8,3,8,1,1,mic-1.0
2138,9,20,1972,9,21,1972,0,0,15,4,7,1,1,mic-1.0
2139,5,17,1977,7,19,1977,0,0,11,3,5,1,1,mic-1.0
2140,2,24,1977,5,11,1977,0,0,15,4,5,1,1,mic-1.0
2141,10,11,1978,11,1,1979,804,1807,22,5,2,2,3,mic-1.0
2142,1,1,1977,4,12,1977,0,0,17,4,5,1,1,mic-1.0
2150,3,8,1977,5,26,1977,34,320,17,4,2,2,5,mic-1.0
2152,2,3,1980,2,3,1980,6,6,17,4,5,1,1,mic-1.0
2153,9,1,1964,9,1,1964,0,0,1,2,5,1,1,mic-1.0
2155,12,28,1966,4,22,1967,3,3,17,4,5,1,1,mic-1.0
2157,1,29,1963,2,26,1963,1,1,16,4,2,1,1,mic-1.0
2169,6,29,1871,6,29,1871,0,0,7,3,5,1,1,mic-1.0
2170,11,-9,1885,12,24,1885,0,0,1,2,5,1,1,mic-1.0
2171,3,15,1965,3,16,1965,0,0,8,3,5,1,1,mic-1.0
2173,9,13,1974,1,8,1975,0,0,11,3,5,1,1,mic-1.0
2175,3,23,1981,3,23,1982,0,0,7,3,5,1,1,mic-1.0
2176,11,23,1982,3,9,1984,0,0,16,4,5,2,1,mic-1.0
2177,12,17,1984,2,6,1985,0,0,7,3,5,1,1,mic-1.0
2178,6,30,1986,7,12,1986,0,0,16,4,8,1,1,mic-1.0
2179,6,24,1986,7,28,1987,3,3,17,4,5,1,1,mic-1.0
2181,4,19,1956,5,20,1956,14,14,17,4,5,1,1,mic-1.0
2184,3,28,1918,4,10,1918,1,25,17,4,5,1,1,mic-1.0
2185,6,15,1919,2,1,1920,0,0,15,4,5,1,1,mic-1.0
2186,7,25,1949,8,19,1949,461,735,17,4,5,1,1,mic-1.0
2187,2,16,1958,9,16,1961,23,41,17,4,5,1,2,mic-1.0
2191,2,15,1974,7,20,1974,5,5,16,4,5,1,1,mic-1.0
2192,4,7,1977,5,19,1978,8,8,17,4,8,2,1,mic-1.0
2193,3,1,1979,12,6,1980,16,40,17,4,5,1,2,mic-1.0
2194,7,4,1981,7,13,1982,1,1,17,4,5,1,1,mic-1.0
2195,1,31,1983,8,12,1983,11,11,17,4,5,1,2,mic-1.0
2196,11,10,1984,10,20,1985,5,5,17,4,5,2,1,mic-1.0
2198,8,5,1986,8,19,1986,0,0,17,4,5,1,1,mic-1.0
2199,6,21,1873,6,21,1873,0,0,1,2,5,1,1,mic-1.0
2200,6,10,1875,12,14,1875,0,0,14,4,4,1,1,mic-1.0
2201,3,25,1879,9,25,1879,0,0,14,4,1,1,1,mic-1.0
2202,8,9,1882,8,30,1882,0,0,7,3,6,1,1,mic-1.0
2203,8,-9,1907,11,-9,1907,0,0,1,2,5,1,1,mic-1.0
2204,4,11,1909,9,4,1909,0,0,7,3,4,1,1,mic-1.0
2205,8,13,1916,2,9,1917,2,50,17,4,5,1,1,mic-1.0
2207,12,5,1925,12,23,1925,0,0,7,3,8,1,1,mic-1.0
2208,3,12,1926,3,18,1926,1,1,16,4,4,1,7,mic-1.0
2209,4,2,1927,4,3,1927,0,0,16,4,5,1,1,mic-1.0
2214,7,10,1936,12,30,1936,4,40,17,4,6,1,1,mic-1.0
2215,6,27,1958,11,7,1958,17,17,16,4,7,1,1,mic-1.0
2220,1,28,1964,3,27,1964,3,3,16,4,7,1,1,mic-1.0
2221,10,21,1970,11,10,1970,0,0,15,4,7,1,1,mic-1.0
2223,11,19,1978,1,2,1979,0,0,7,3,4,1,1,mic-1.0
2224,8,9,1979,8,10,1979,0,0,15,4,7,1,1,mic-1.0
2225,8,30,1979,10,21,1979,0,0,7,3,6,2,1,mic-1.0
2226,3,13,1980,3,19,1980,0,0,7,3,5,7,1,mic-1.0
2229,4,3,1982,1,19,1983,0,0,7,3,5,1,2,mic-1.0
2231,11,23,1983,5,20,1984,0,0,16,4,5,2,2,mic-1.0
2232,3,24,1985,9,7,1985,1,1,16,4,5,2,2,mic-1.0
2233,3,13,1986,3,13,1986,0,0,7,3,5,1,1,mic-1.0
2234,7,16,1911,8,19,1911,0,0,7,3,5,2,1,mic-1.0
2236,9,16,1857,2,12,1858,0,0,7,3,3,1,1,mic-1.0
2237,5,-9,1981,9,5,1982,0,0,12,3,5,1,1,mic-1.0
2239,1,18,1969,1,18,1969,0,0,11,3,5,1,2,mic-1.0
2240,2,22,1970,2,24,1970,0,0,16,4,5,1,1,mic-1.0
2244,1,22,1954,11,10,1956,15,29,17,4,5,2,1,mic-1.0
2245,2,12,1987,2,12,1987,281,530,17,4,5,1,1,mic-1.0
2300,12,23,1893,12,23,1893,2,50,17,4,5,1,1,mic-1.0
2302,3,12,1939,3,15,1939,0,0,14,4,1,1,1,mic-1.0
2304,8,31,1937,9,2,1937,0,0,16,4,5,1,1,mic-1.0
2311,11,19,1913,2,14,1914,0,0,7,3,8,1,1,mic-1.0
2312,10,13,1913,2,21,1914,0,0,7,3,8,1,1,mic-1.0
2316,1,25,1929,5,9,1930,4,4,16,4,6,1,1,mic-1.0
2317,4,-9,1976,4,-9,1976,0,0,11,3,5,1,1,mic-1.0
2318,4,-9,1976,4,-9,1976,0,0,12,3,5,1,1,mic-1.0
2319,1,-9,1972,1,28,1972,0,0,8,3,5,1,1,mic-1.0
2320,4,-9,1875,4,-9,1875,0,0,12,3,5,1,1,mic-1.0
2321,6,-9,1906,12,-9,1906,0,0,14,4,5,1,1,mic-1.0
2323,7,13,1982,7,24,1982,0,0,16,4,5,1,1,mic-1.0
2325,9,10,1979,12,-9,1979,1,1,16,4,5,1,1,mic-1.0
2328,3,24,1949,10,-9,1949,1,1,16,4,5,1,1,mic-1.0
2331,7,14,1958,11,2,1958,0,0,8,3,5,1,2,mic-1.0
2332,7,20,1958,7,31,1958,0,0,8,3,5,1,1,mic-1.0
2335,9,4,1976,9,4,1976,0,0,16,4,4,1,1,mic-1.0
2338,1,15,1901,1,18,1901,0,0,15,4,5,1,1,mic-1.0
2339,4,19,1948,2,21,1949,2,2,17,4,6,1,1,mic-1.0
2341,7,-9,1898,8,13,1898,0,0,7,3,4,1,1,mic-1.0
2342,6,4,1902,11,18,1902,2,200,17,4,2,1,1,mic-1.0
2344,8,14,1962,8,14,1962,5,5,17,4,5,1,1,mic-1.0
2346,9,12,1978,12,26,1978,3,3,17,4,5,1,1,mic-1.0
2347,4,28,1981,5,-9,1985,3,3,17,4,5,2,1,mic-1.0
2348,8,2,1982,1,26,1983,0,0,16,4,5,1,1,mic-1.0
2349,2,-9,1984,6,12,1984,0,0,17,4,6,1,1,mic-1.0
2352,7,10,1985,7,10,1985,0,0,12,3,5,1,1,mic-1.0
2353,12,28,1985,3,3,1986,0,0,16,4,5,2,1,mic-1.0
2354,1,31,1986,1,31,1986,0,0,11,3,5,1,1,mic-1.0
2357,6,24,1978,3,17,1979,451,1300,17,4,6,1,1,mic-1.0
2360,4,-9,1965,8,24,1965,0,0,16,4,6,1,2,mic-1.0
2367,1,30,1854,11,22,1854,0,0,15,4,3,1,3,mic-1.0
2369,4,21,1887,4,28,1887,0,0,15,4,7,1,1,mic-1.0
2371,3,1,1946,5,21,1947,0,0,16,4,5,1,1,mic-1.0
2372,7,-9,1952,8,23,1952,1,1,16,4,5,1,1,mic-1.0
2374,2,8,1975,4,28,1975,0,0,16,4,5,1,1,mic-1.0
2540,8,18,1985,8,22,1985,0,0,8,3,5,1,1,mic-1.0
2546,5,31,1985,6,5,1985,2,2,16,4,5,1,1,mic-1.0
2550,3,22,1985,3,28,1985,0,0,15,4,7,1,1,mic-1.0
2559,9,29,1985,9,29,1985,0,0,16,4,5,1,2,mic-1.0
2560,10,18,1985,10,18,1985,0,0,7,3,5,1,1,mic-1.0
2563,10,1,1985,10,1,1985,0,0,16,4,5,1,1,mic-1.0
2566,8,27,1986,8,27,1986,0,0,1,2,5,1,1,mic-1.0
2571,5,19,1986,5,19,1986,0,0,16,4,5,1,1,mic-1.0
2572,4,26,1986,6,15,1986,0,0,16,4,6,1,1,mic-1.0
2573,4,16,1986,4,16,1986,0,0,17,4,5,1,1,mic-1.0
2578,1,12,1986,1,12,1986,0,0,7,3,5,1,1,mic-1.0
2580,5,19,1986,5,19,1986,0,0,16,4,5,1,1,mic-1.0
2583,12,25,1985,1,17,1986,19,115,17,4,6,1,1,mic-1.0
2587,8,29,1986,8,29,1986,0,0,2,2,5,1,5,mic-1.0
2589,9,12,1986,9,12,1986,0,0,2,2,5,3,1,mic-1.0
2590,4,27,1983,4,27,1983,0,0,7,3,5,1,1,mic-1.0
2596,9,23,1986,11,26,1986,0,0,16,4,5,1,1,mic-1.0
2598,3,20,1986,3,21,1986,0,0,7,3,5,1,1,mic-1.0
2599,8,19,1986,12,15,1986,0,0,16,4,5,1,1,mic-1.0
2602,6,21,1978,6,21,1978,8,8,16,4,5,1,1,mic-1.0
2603,12,12,1918,7,12,1920,958,1768,22,5,2,1,2,mic-1.0
2604,12,1,1918,2,1,1920,2320,4705,22,5,2,2,6,mic-1.0
2605,11,22,1918,1,3,1920,10537,14630,22,5,2,1,3,mic-1.0
2610,11,21,1960,11,22,1960,6,6,16,4,1,1,2,mic-1.0
2612,7,31,1960,7,31,1960,0,0,1,2,4,1,1,mic-1.0
2616,1,14,1971,3,23,1971,0,0,16,4,6,1,1,mic-1.0
2619,9,29,1971,9,29,1971,0,0,16,4,5,1,1,mic-1.0
2622,1,-9,1971,4,20,1971,0,0,16,4,5,1,1,mic-1.0
2623,8,8,1963,11,22,1963,0,0,8,3,5,1,1,mic-1.0
2625,4,-9,1949,7,26,1949,0,0,12,3,6,1,1,mic-1.0
2626,10,31,1952,11,2,1952,0,0,17,4,5,1,1,mic-1.0
2627,2,-9,1956,3,18,1956,11,11,17,4,5,1,1,mic-1.0
2629,1,6,1962,1,6,1962,0,0,7,3,5,1,1,mic-1.0
2630,9,15,1963,9,20,1963,0,0,17,4,5,1,1,mic-1.0
2632,4,29,1966,9,14,1966,0,0,16,4,6,1,1,mic-1.0
2633,3,22,1969,3,23,1969,0,0,17,4,5,1,1,mic-1.0
2634,10,30,1969,3,17,1970,0,0,7,3,5,1,1,mic-1.0
2635,12,19,1969,12,20,1969,0,0,16,4,5,1,1,mic-1.0
2638,5,5,1972,7,3,1972,50,150,17,4,6,1,1,mic-1.0
2639,7,7,1981,7,12,1981,6,6,17,4,5,1,1,mic-1.0
2640,9,10,1982,9,10,1982,0,0,8,3,5,1,1,mic-1.0
2641,10,16,1983,8,27,1984,1,1,17,4,5,1,1,mic-1.0
2642,4,17,1984,10,6,1985,20,20,17,4,5,1,1,mic-1.0
2644,6,-9,1986,2,4,1987,5,5,17,4,5,1,1,mic-1.0
2648,1,11,1916,7,9,1916,0,0,14,4,5,1,1,mic-1.0
2649,2,9,1917,9,10,1917,0,0,14,4,9,1,1,mic-1.0
2683,3,26,1887,4,23,1887,0,0,1,2,4,1,1,mic-1.0
2700,7,-9,1919,10,25,1919,0,0,16,4,3,1,1,mic-1.0
2704,2,1,1946,5,3,1946,0,0,14,4,2,1,1,mic-1.0
2707,7,10,1964,7,10,1964,0,0,7,3,5,1,1,mic-1.0
2708,12,-9,1965,1,-9,1966,0,0,7,3,5,1,1,mic-1.0
2713,11,-9,1974,11,-9,1974,6,30,17,4,5,1,1,mic-1.0
2714,7,-9,1977,8,15,1977,0,0,16,4,5,1,1,mic-1.0
2715,3,-9,1978,5,9,1978,0,0,16,4,5,1,1,mic-1.0
2716,2,17,1979,2,-9,1980,3,3,17,4,5,1,1,mic-1.0
2717,10,5,1980,10,5,1980,1,1,17,4,5,1,1,mic-1.0
2718,7,12,1986,7,12,1986,1,1,17,4,5,1,1,mic-1.0
2721,7,12,1871,1,8,1872,0,0,14,4,5,1,1,mic-1.0
2724,3,4,1936,4,2,1936,5,5,17,4,6,1,1,mic-1.0
2727,5,20,1978,10,2,1979,0,0,7,3,5,1,1,mic-1.0
2728,11,12,1984,11,23,1984,0,0,7,3,5,1,1,mic-1.0
2729,10,18,1962,10,13,1963,1,1,17,4,5,1,1,mic-1.0
2731,4,-9,1960,4,-9,1960,0,0,14,4,5,1,1,mic-1.0
2732,6,-9,1959,8,4,1959,0,0,17,4,6,1,1,mic-1.0
2735,9,2,1987,9,2,1987,0,0,17,4,5,1,1,mic-1.0
2736,11,29,1987,11,30,1987,0,0,8,3,5,1,1,mic-1.0
2738,7,-9,1987,7,-9,1987,0,0,7,3,5,1,1,mic-1.0
2739,5,17,1987,5,18,1987,28,28,16,4,3,1,1,mic-1.0
2740,4,-9,1987,12,24,1987,1,10,17,4,5,1,1,mic-1.0
2741,9,23,1987,4,8,1988,0,0,15,4,5,1,1,mic-1.0
2742,12,8,1986,11,1,1987,0,0,15,4,7,1,1,mic-1.0
2743,8,6,1978,8,8,1978,0,0,8,3,5,1,1,mic-1.0
2744,8,1,1961,8,1,1961,0,0,14,4,1,1,1,mic-1.0
2746,4,5,1988,8,17,1988,0,0,15,4,5,1,1,mic-1.0
2749,1,31,1988,3,14,1988,2,50,17,4,1,1,1,mic-1.0
2754,3,28,1988,6,21,1988,0,0,17,4,5,1,1,mic-1.0
2755,2,14,1988,2,14,1988,0,0,1,2,5,1,1,mic-1.0
2760,12,11,1988,12,11,1988,1,1,16,4,5,1,1,mic-1.0
2768,8,8,1988,8,14,1988,0,0,16,4,5,1,1,mic-1.0
2770,9,9,1988,10,11,1988,0,0,16,4,5,1,1,mic-1.0
2771,9,29,1988,9,29,1988,0,0,16,4,5,1,1,mic-1.0
2774,2,12,1988,2,12,1988,0,0,16,4,5,1,1,mic-1.0
2775,1,2,1989,1,2,1989,0,0,16,4,5,1,1,mic-1.0
2776,5,-9,1987,2,19,1988,134,325,17,4,6,1,1,mic-1.0
2778,6,4,1987,6,15,1987,0,0,7,3,4,1,1,mic-1.0
2779,6,1,1987,6,25,1987,7,7,16,4,5,1,1,mic-1.0
2780,4,15,1987,6,6,1987,0,0,14,4,5,1,1,mic-1.0
2782,3,7,1987,9,28,1987,0,0,16,4,5,1,1,mic-1.0
2783,10,11,1987,10,11,1987,10,10,17,4,5,1,1,mic-1.0
2786,7,28,1987,7,28,1987,0,0,16,4,5,1,1,mic-1.0
2797,5,11,1987,5,27,1988,3,3,17,4,5,1,1,mic-1.0
2798,8,2,1987,10,3,1987,0,0,7,3,5,1,1,mic-1.0
2799,6,-9,1987,3,27,1988,1,1,17,4,5,1,1,mic-1.0
2801,5,29,1987,5,30,1987,0,0,16,4,5,1,1,mic-1.0
2802,7,20,1987,8,12,1987,0,0,17,4,5,1,1,mic-1.0
2804,10,20,1987,12,28,1987,4,4,17,4,6,1,1,mic-1.0
2805,6,3,1987,6,3,1987,1,1,17,4,5,1,1,mic-1.0
2806,1,15,1987,1,15,1987,2,6,17,4,5,1,1,mic-1.0
2807,5,2,1987,5,2,1987,0,0,17,4,5,1,1,mic-1.0
2809,4,1,1987,4,18,1987,0,0,7,3,5,1,1,mic-1.0
2810,4,9,1987,4,25,1987,0,0,16,4,5,1,2,mic-1.0
2812,8,9,1987,9,6,1987,0,0,10,3,5,1,1,mic-1.0
2816,6,15,1987,6,15,1987,0,0,16,4,5,1,1,mic-1.0
2821,9,3,1987,9,4,1987,0,0,16,4,5,1,1,mic-1.0
2823,6,30,1987,1,20,1988,0,0,16,4,5,1,1,mic-1.0
2835,8,-9,1878,8,-9,1878,0,0,7,3,5,1,1,mic-1.0
2838,2,13,1959,2,14,1959,0,0,8,3,5,1,1,mic-1.0
2849,7,29,1957,7,29,1957,0,0,7,3,5,1,1,mic-1.0
2850,12,-9,1956,3,19,1957,0,0,7,3,5,1,1,mic-1.0
2854,6,7,1958,7,19,1958,0,0,15,4,7,1,1,mic-1.0
2855,5,29,1958,6,30,1958,0,0,15,4,7,1,1,mic-1.0
2857,12,23,1957,1,9,1958,0,0,16,4,7,1,1,mic-1.0
2860,3,28,1959,3,28,1959,0,0,1,2,5,1,1,mic-1.0
2865,8,27,1958,5,31,1959,0,0,16,4,5,1,1,mic-1.0
2869,4,10,1959,4,12,1959,0,0,16,4,7,1,1,mic-1.0
2870,3,19,1959,3,20,1959,0,0,15,4,7,1,1,mic-1.0
2871,1,-9,1959,7,15,1959,0,0,7,3,5,1,1,mic-1.0
2875,2,20,1960,7,10,1960,0,0,16,4,6,1,1,mic-1.0
2877,7,31,1960,8,1,1960,0,0,12,3,5,1,1,mic-1.0
2878,7,31,1960,8,1,1960,0,0,12,3,5,1,1,mic-1.0
2885,12,15,1960,4,13,1961,0,0,7,3,5,1,1,mic-1.0
2887,1,19,1961,1,19,1961,0,0,7,3,5,1,1,mic-1.0
2890,3,11,1962,3,11,1962,0,0,7,3,5,1,1,mic-1.0
2891,10,15,1966,10,15,1966,2,20,17,4,5,1,1,mic-1.0
2897,11,20,1963,11,20,1963,2,2,16,4,5,1,1,mic-1.0
2898,9,28,1963,10,3,1963,1,1,16,4,5,1,1,mic-1.0
2899,3,15,1963,3,15,1963,0,0,7,3,5,1,1,mic-1.0
2907,9,24,1964,9,24,1964,0,0,7,3,5,1,1,mic-1.0
2908,9,2,1964,9,16,1964,0,0,7,3,5,1,2,mic-1.0
2915,5,22,1965,5,22,1965,0,0,7,3,5,1,1,mic-1.0
2916,4,27,1965,4,27,1965,0,0,17,4,5,1,1,mic-1.0
2918,4,17,1966,4,17,1966,0,0,16,4,5,1,1,mic-1.0
2921,7,14,1966,7,14,1966,0,0,7,3,5,1,2,mic-1.0
2924,2,13,1968,2,13,1968,0,0,7,3,5,1,1,mic-1.0
2928,6,30,1968,7,2,1968,0,0,15,4,7,1,1,mic-1.0
2929,4,9,1965,2,14,1968,4,28,17,4,5,1,1,mic-1.0
2930,5,10,1967,5,16,1967,0,0,7,3,5,1,3,mic-1.0
2931,4,28,1967,4,28,1967,0,0,7,3,5,1,1,mic-1.0
2935,9,8,1967,9,8,1967,1,1,16,4,5,1,1,mic-1.0
2938,2,4,1969,2,4,1969,0,0,17,4,5,1,1,mic-1.0
2944,1,28,1971,1,28,1971,0,0,16,4,5,1,1,mic-1.0
2947,3,9,1971,3,9,1971,0,0,1,2,5,1,1,mic-1.0
2950,3,21,1973,3,21,1973,0,0,16,4,5,1,1,mic-1.0
2959,11,24,1976,11,25,1976,0,0,16,4,5,1,1,mic-1.0
2964,9,7,1977,9,7,1977,0,0,7,3,5,1,1,mic-1.0
2971,8,14,1981,1,8,1982,0,0,16,4,5,1,1,mic-1.0
2972,7,17,1981,7,24,1981,0,0,7,3,5,1,1,mic-1.0
2973,10,1,1982,10,6,1982,0,0,16,4,5,1,1,mic-1.0
2975,3,2,1982,3,3,1982,0,0,16,4,5,1,1,mic-1.0
2977,3,9,1982,6,8,1982,0,0,16,4,5,1,1,mic-1.0
2981,4,19,1983,4,19,1983,0,0,7,3,5,1,1,mic-1.0
2984,9,9,1953,9,9,1953,7,7,16,4,5,1,1,mic-1.0
2988,5,24,1953,11,8,1953,0,0,16,4,5,1,1,mic-1.0
2989,9,25,1952,9,25,1952,0,0,17,4,5,1,1,mic-1.0
2995,3,10,1934,3,30,1934,0,0,15,4,7,1,1,mic-1.0
2996,6,7,1959,8,3,1959,0,0,12,3,5,1,1,mic-1.0
2997,9,27,1959,9,27,1959,0,0,7,3,5,1,1,mic-1.0
2998,3,10,1959,3,15,1959,0,0,16,4,5,1,1,mic-1.0
2999,12,14,1959,12,14,1959,0,0,17,4,5,1,1,mic-1.0
3000,2,27,1979,8,26,1979,0,0,14,4,5,1,1,mic-1.0
3001,2,-9,1979,5,15,1979,0,0,8,3,5,1,1,mic-1.0
3003,12,13,1978,1,24,1979,2,2,17,4,5,1,1,mic-1.0
3004,10,16,1978,8,8,1979,0,0,17,4,5,1,1,mic-1.0
3007,2,-9,1978,3,15,1979,7652,24381,22,5,5,1,2,mic-1.0
3009,3,16,1978,3,16,1978,0,0,7,3,5,1,1,mic-1.0
3010,2,15,1978,2,17,1978,0,0,15,4,7,1,1,mic-1.0
3011,3,20,1978,3,20,1978,0,0,17,4,5,1,1,mic-1.0
3013,10,13,1977,10,14,1977,0,0,16,4,5,1,1,mic-1.0
3014,5,20,1977,5,27,1977,0,0,7,3,6,1,1,mic-1.0
3015,2,27,1978,2,27,1978,15,15,17,4,5,1,1,mic-1.0
3016,1,27,1980,1,27,1980,0,0,7,3,5,1,1,mic-1.0
3017,1,3,1980,3,1,1980,0,0,11,3,5,1,1,mic-1.0
3018,8,-9,1977,8,-9,1977,0,0,11,3,5,1,1,mic-1.0
3020,11,4,1979,1,21,1981,0,0,16,4,7,1,1,mic-1.0
3021,7,27,1979,8,9,1979,0,0,7,3,5,1,1,mic-1.0
3022,11,10,1979,11,11,1979,0,0,7,3,5,1,1,mic-1.0
3024,6,10,1979,10,7,1979,60,135,17,4,5,1,1,mic-1.0
3025,2,-9,1979,8,-9,1979,0,0,17,4,5,1,1,mic-1.0
3026,3,2,1979,3,16,1979,0,0,15,4,5,1,1,mic-1.0
3027,3,12,1984,3,21,1984,11,11,17,4,5,1,1,mic-1.0
3031,8,25,1984,10,25,1984,0,0,16,4,5,1,1,mic-1.0
3037,11,-9,1984,1,29,1985,0,0,16,4,7,1,1,mic-1.0
3041,8,21,1984,8,21,1984,0,0,15,4,5,1,1,mic-1.0
3044,6,15,1984,6,15,1984,2,2,17,4,5,1,1,mic-1.0
3046,2,16,1984,2,18,1985,2,2,16,4,5,1,2,mic-1.0
3048,5,16,1984,6,5,1984,0,0,17,4,5,1,1,mic-1.0
3050,3,27,1984,10,29,1984,0,0,16,4,6,1,1,mic-1.0
3051,3,3,1984,4,9,1984,0,0,16,4,3,3,2,mic-1.0
3054,12,28,1983,1,16,1984,2,50,17,4,5,1,1,mic-1.0
3055,12,9,1983,6,10,1984,14,28,17,4,6,1,1,mic-1.0
3056,11,20,1983,11,20,1983,0,0,8,3,5,1,1,mic-1.0
3058,10,21,1983,11,1,1983,62,93,17,4,1,7,2,mic-1.0
3059,10,9,1983,10,10,1983,0,0,7,3,5,1,1,mic-1.0
3060,6,-9,1984,6,12,1984,0,0,17,4,5,1,1,mic-1.0
3062,8,29,1983,4,1,1984,19,19,17,4,5,1,1,mic-1.0
3064,8,3,1983,8,7,1983,0,0,7,3,5,1,1,mic-1.0
3066,4,18,1983,7,11,1983,82,182,17,4,6,1,1,mic-1.0
3067,4,27,1983,5,3,1983,0,0,16,4,5,1,1,mic-1.0
3070,4,13,1983,10,17,1983,6,6,16,4,5,1,1,mic-1.0
3071,7,26,1983,5,20,1984,0,0,7,3,5,1,1,mic-1.0
3072,2,16,1983,8,10,1983,0,0,7,3,3,1,3,mic-1.0
3073,12,9,1982,3,26,1983,1,25,17,4,5,1,1,mic-1.0
3075,1,30,1983,1,31,1983,0,0,16,4,5,1,1,mic-1.0
3076,9,-9,1982,10,25,1982,0,0,16,4,5,1,1,mic-1.0
3082,4,26,1982,6,17,1982,1,25,16,4,5,1,1,mic-1.0
3085,5,1,1982,9,5,1982,0,0,17,4,5,1,1,mic-1.0
3086,4,12,1982,4,13,1982,0,0,7,3,5,1,1,mic-1.0
3088,3,4,1982,3,4,1982,0,0,4,2,5,1,1,mic-1.0
3089,2,24,1982,2,24,1982,0,0,7,3,5,1,1,mic-1.0
3090,2,28,1982,9,17,1982,4,4,17,4,6,1,1,mic-1.0
3092,11,9,1981,11,9,1981,0,0,7,3,5,1,1,mic-1.0
3093,10,27,1981,11,6,1981,0,0,15,4,7,1,1,mic-1.0
3096,9,24,1981,9,24,1981,4,40,16,4,5,1,1,mic-1.0
3097,9,17,1981,9,17,1981,2,2,16,4,5,1,1,mic-1.0
3098,9,10,1981,10,-9,1981,2,2,16,4,5,1,1,mic-1.0
3099,8,13,1981,8,19,1981,0,0,17,4,5,1,1,mic-1.0
3101,6,7,1981,6,7,1981,10,10,16,4,1,1,2,mic-1.0
3102,5,7,1981,5,18,1981,303,501,17,4,5,1,1,mic-1.0
3104,5,15,1981,7,22,1981,5,5,16,4,3,1,1,mic-1.0
3106,2,22,1982,2,24,1982,0,0,16,4,5,1,1,mic-1.0
3107,11,25,1980,1,9,1981,0,0,8,3,5,1,1,mic-1.0
3108,11,12,1980,11,16,1980,0,0,17,4,5,1,1,mic-1.0
3109,11,21,1980,11,22,1980,0,0,17,4,5,1,1,mic-1.0
3112,8,11,1980,2,7,1981,2,2,16,4,5,1,1,mic-1.0
3113,7,10,1980,7,10,1980,0,0,7,3,5,1,1,mic-1.0
3114,6,15,1980,6,15,1980,1,1,16,4,5,1,1,mic-1.0
3115,5,-9,1980,5,-9,1980,0,0,11,3,5,2,1,mic-1.0
3117,5,30,1980,11,2,1980,0,0,14,4,4,1,1,mic-1.0
3118,3,21,1980,12,5,1980,0,0,11,3,5,1,1,mic-1.0
3119,2,26,1980,7,29,1980,0,0,16,4,5,1,1,mic-1.0
3120,2,7,1980,2,7,1980,0,0,7,3,5,1,1,mic-1.0
3126,7,12,1977,9,10,1977,88,334,17,4,6,1,1,mic-1.0
3127,7,6,1977,11,2,1977,5,5,17,4,5,1,1,mic-1.0
3129,6,23,1977,6,27,1977,13,13,17,4,5,1,1,mic-1.0
3130,6,22,1977,6,28,1977,0,0,15,4,5,1,1,mic-1.0
3131,5,11,1977,12,21,1979,119,266,17,4,6,1,2,mic-1.0
3132,8,5,1907,2,-9,1908,2,50,16,4,5,1,2,mic-1.0
3133,7,16,1909,9,9,1909,0,0,7,3,5,1,1,mic-1.0
3134,11,1,1918,10,20,1921,3801,5720,22,5,2,1,1,mic-1.0
3135,3,9,1966,4,14,1966,0,0,7,3,4,1,1,mic-1.0
3138,4,17,1831,7,14,1831,3,3,16,4,1,1,1,mic-1.0
3139,4,5,1911,11,17,1911,0,0,14,4,1,1,1,mic-1.0
3150,4,23,1959,4,23,1959,1,1,17,4,5,1,1,mic-1.0
3151,3,4,1958,3,4,1958,0,0,16,4,5,1,1,mic-1.0
3152,3,5,1958,4,13,1958,0,0,17,4,5,1,1,mic-1.0
3154,10,30,1955,12,10,1956,2,2,17,4,5,1,1,mic-1.0
3155,3,26,1955,3,31,1955,0,0,7,3,5,1,1,mic-1.0
3156,10,7,1934,10,7,1934,0,0,17,4,5,1,1,mic-1.0
3157,7,14,1934,7,31,1934,1,1,16,4,3,1,1,mic-1.0
3158,8,23,1935,8,31,1935,0,0,7,3,5,1,1,mic-1.0
3161,4,26,1949,8,14,1949,0,0,7,3,5,1,2,mic-1.0
3162,8,29,1960,9,25,1960,0,0,15,4,5,1,1,mic-1.0
3163,8,14,1962,8,14,1962,0,0,17,4,5,1,1,mic-1.0
3165,3,30,1962,3,30,1962,0,0,17,4,5,1,1,mic-1.0
3166,8,-9,1963,11,8,1963,3,3,17,4,6,1,1,mic-1.0
3167,2,1,1963,2,4,1963,0,0,12,3,5,1,1,mic-1.0
3168,5,26,1965,5,26,1965,2,2,17,4,8,1,1,mic-1.0
3170,1,15,1967,1,15,1967,0,0,16,4,5,1,1,mic-1.0
3171,2,24,1966,12,21,1966,1,1,16,4,5,1,1,mic-1.0
3172,4,20,1967,4,26,1967,0,0,12,3,5,1,1,mic-1.0
3173,5,1,1969,11,3,1969,1,1,17,4,6,1,1,mic-1.0
3174,8,2,1974,8,29,1974,0,0,7,3,5,1,1,mic-1.0
3175,8,4,1975,8,26,1975,0,0,16,4,5,1,1,mic-1.0
3176,6,6,1976,11,25,1976,0,0,10,3,6,1,1,mic-1.0
3179,4,5,1976,4,5,1976,0,0,16,4,5,1,1,mic-1.0
3180,12,30,1981,1,3,1982,0,0,7,3,5,1,1,mic-1.0
3181,8,24,1922,9,15,1922,0,0,7,3,6,4,2,mic-1.0
3182,1,13,1923,1,17,1923,0,0,17,4,6,1,2,mic-1.0
3185,9,2,1925,6,5,1926,0,0,7,3,6,2,1,mic-1.0
3186,2,4,1931,2,4,1931,1,1,17,4,5,1,1,mic-1.0
3187,7,27,1928,7,27,1928,1,1,16,4,5,1,1,mic-1.0
3189,6,6,1937,1,26,1938,0,0,7,3,6,1,1,mic-1.0
3190,6,3,1938,7,4,1938,0,0,7,3,6,1,1,mic-1.0
3191,10,2,1939,10,2,1939,0,0,10,3,5,1,1,mic-1.0
3192,10,5,1946,10,6,1946,0,0,15,4,7,1,1,mic-1.0
3193,8,9,1946,8,19,1946,5,5,16,4,5,1,1,mic-1.0
3195,4,-9,1951,9,28,1951,0,0,15,4,3,2,1,mic-1.0
3199,7,31,1951,7,31,1951,0,0,16,4,5,1,1,mic-1.0
3200,4,28,1952,4,28,1952,0,0,17,4,5,1,1,mic-1.0
3202,6,8,1952,6,14,1952,0,0,7,3,5,1,1,mic-1.0
3205,5,20,1954,5,22,1954,0,0,15,4,7,1,1,mic-1.0
3208,12,14,1953,7,4,1954,0,0,16,4,5,1,1,mic-1.0
3209,10,2,1954,10,2,1954,0,0,7,3,5,1,1,mic-1.0
3210,9,10,1954,9,10,1954,0,0,7,3,5,1,1,mic-1.0
3213,12,25,1955,12,29,1955,0,0,17,4,5,1,1,mic-1.0
3217,1,19,1974,2,17,1974,21,21,17,4,5,1,1,mic-1.0
3218,11,28,1955,1,30,1956,0,0,7,3,5,1,1,mic-1.0
3227,9,24,1974,10,5,1974,0,0,17,4,5,1,1,mic-1.0
3229,11,27,1948,4,3,1949,3,25,17,4,5,1,2,mic-1.0
3231,8,13,1959,11,22,1961,3,3,17,4,5,1,1,mic-1.0
3239,7,10,1816,7,27,1816,0,0,16,4,1,1,1,mic-1.0
3245,6,-9,1862,12,-9,1863,4,20,17,4,4,1,1,mic-1.0
3247,6,24,1871,12,31,1871,2,150,16,4,1,1,1,mic-1.0
3249,7,-9,1891,12,-9,1892,0,0,14,4,3,1,1,mic-1.0
3254,8,-9,1912,11,5,1913,0,0,10,3,3,1,1,mic-1.0
3257,7,6,1921,11,5,1921,0,0,14,4,1,1,1,mic-1.0
3259,3,-9,1921,9,-9,1921,0,0,14,4,1,1,1,mic-1.0
3260,1,20,1926,1,-9,1926,0,0,1,2,5,1,2,mic-1.0
3263,10,26,1942,6,-9,1943,0,0,14,4,5,1,1,mic-1.0
3264,11,7,1944,8,14,1945,300,600,17,4,6,1,1,mic-1.0
3265,6,5,1947,6,26,1947,0,0,17,4,5,2,1,mic-1.0
3267,1,29,1973,1,29,1973,0,0,8,3,5,1,1,mic-1.0
3322,5,13,1876,5,13,1876,0,0,1,2,5,3,1,mic-1.0
3323,5,-9,1876,5,-9,1876,0,0,7,3,5,1,1,mic-1.0
3325,10,2,1902,10,2,1902,0,0,7,3,4,1,1,mic-1.0
3326,1,6,1853,3,16,1853,0,0,10,3,5,1,1,mic-1.0
3330,9,5,1911,9,5,1911,0,0,7,3,5,1,1,mic-1.0
3340,3,14,1919,3,14,1919,0,0,16,4,5,1,1,mic-1.0
3343,8,1,1914,8,1,1914,0,0,10,3,5,1,1,mic-1.0
3344,8,17,1914,8,17,1914,0,0,1,2,5,1,1,mic-1.0
3348,12,-9,1915,5,10,1916,0,0,14,4,5,2,1,mic-1.0
3352,8,21,1915,8,22,1915,0,0,11,3,4,1,1,mic-1.0
3360,10,18,1960,11,8,1960,52,200,17,4,5,1,1,mic-1.0
3361,12,-9,1961,12,-9,1961,0,0,7,3,5,1,2,mic-1.0
3362,3,20,1926,3,20,1926,0,0,17,4,5,1,1,mic-1.0
3364,3,14,1939,3,15,1939,85,125,16,4,1,1,1,mic-1.0
3370,11,2,1950,4,4,1951,8,17,17,4,3,1,3,mic-1.0
3372,9,19,1951,4,-9,1952,3,3,16,4,5,1,1,mic-1.0
3373,1,25,1953,9,11,1956,84,108,17,4,5,1,1,mic-1.0
3374,11,24,1952,3,25,1954,16,184,17,4,5,1,1,mic-1.0
3375,3,19,1957,4,28,1961,8,80,17,4,5,1,1,mic-1.0
3377,7,23,1963,7,23,1963,0,0,17,4,5,1,1,mic-1.0
3378,4,22,1964,3,3,1965,1,25,16,4,5,1,1,mic-1.0
3379,2,19,1966,2,19,1966,0,0,4,2,5,1,1,mic-1.0
3380,10,25,1973,3,22,1974,5,125,17,4,5,1,2,mic-1.0
3381,10,15,1975,3,6,1976,0,0,1,2,5,1,1,mic-1.0
3382,11,14,1977,11,19,1977,0,0,8,3,5,1,1,mic-1.0
3383,7,3,1979,7,3,1979,0,0,7,3,5,1,1,mic-1.0
3384,1,20,1983,1,21,1983,0,0,7,3,3,1,1,mic-1.0
3386,12,23,1949,1,7,1950,2,200,17,4,5,1,1,mic-1.0
3387,8,8,1970,9,20,1971,1,1,17,4,5,1,1,mic-1.0
3400,7,12,1950,7,12,1950,0,0,16,4,4,1,1,mic-1.0
3401,12,28,1951,12,28,1951,1,1,16,4,5,1,1,mic-1.0
3403,2,26,1954,3,24,1954,0,0,17,4,5,1,1,mic-1.0
3404,4,6,1954,3,28,1955,0,0,16,4,5,1,1,mic-1.0
3405,10,14,1955,8,23,1960,5,23,17,4,5,2,1,mic-1.0
3406,2,17,1961,10,5,1961,2,2,17,4,5,1,1,mic-1.0
3411,7,12,1950,6,2,1951,9,27,17,4,5,1,1,mic-1.0
3413,12,16,1951,1,22,1952,0,0,16,4,5,1,1,mic-1.0
3417,9,25,1953,1,18,1958,61,61,17,4,5,1,1,mic-1.0
3418,3,1,1955,3,28,1955,0,0,16,4,5,1,1,mic-1.0
3419,11,21,1958,8,23,1963,4,52,17,4,5,1,2,mic-1.0
3422,7,3,1960,7,13,1960,0,0,17,4,7,1,1,mic-1.0
3428,3,17,1953,10,22,1953,0,0,16,4,5,1,1,mic-1.0
3430,10,7,1959,9,15,1960,0,0,17,4,5,1,1,mic-1.0
3434,11,1,1961,10,20,1966,70,94,17,4,5,1,1,mic-1.0
3437,11,6,1973,5,31,1974,8,56,17,4,2,1,1,mic-1.0
3438,8,1,1974,9,21,1977,3,21,17,4,5,1,1,mic-1.0
3440,7,6,1978,7,7,1978,0,0,8,3,5,1,1,mic-1.0
3441,6,27,1979,2,19,1980,3,23,17,4,5,1,1,mic-1.0
3443,6,13,1985,9,-9,1986,1,25,16,4,5,1,1,mic-1.0
3444,4,6,1982,6,13,1985,599,1782,22,5,2,1,2,mic-1.0
3446,6,11,1967,11,23,1967,0,0,17,4,5,1,1,mic-1.0
3447,9,3,1968,12,19,1971,175,452,17,4,5,1,1,mic-1.0
3448,8,19,1980,7,24,1981,13,181,17,4,5,1,2,mic-1.0
3503,2,15,1942,10,23,1943,0,0,16,4,9,2,1,mic-1.0
3540,4,15,1984,6,14,1986,5,53,17,4,5,2,1,mic-1.0
3542,5,-9,1940,6,28,1940,0,0,14,4,4,1,1,mic-1.0
3550,4,24,1992,4,24,1992,1,1,16,4,5,1,1,mic-1.0
3551,7,16,1992,5,20,1994,0,0,15,4,1,14,1,mic-1.0
3552,7,27,1992,12,23,1993,9,81,17,4,5,6,1,mic-1.0
3554,12,9,1992,8,14,1994,2,2,16,4,5,1,1,mic-1.0
3555,1,19,1992,7,10,1992,134,501,17,4,4,1,1,mic-1.0
3556,10,20,1992,10,27,1992,5,5,17,4,6,1,1,mic-1.0
3557,4,6,1992,1,25,1993,1387,4056,22,5,5,2,1,mic-1.0
3558,3,31,1992,7,21,1992,80,215,16,4,6,1,1,mic-1.0
3559,7,14,1992,8,3,1992,0,0,15,4,5,1,1,mic-1.0
3560,7,27,1992,8,2,1992,0,0,17,4,5,1,1,mic-1.0
3561,6,13,1992,10,26,1993,17,129,17,4,1,1,1,mic-1.0
3563,9,17,1992,9,21,1992,0,0,16,4,5,1,1,mic-1.0
3564,1,26,1992,5,4,1994,4405,10434,22,5,5,2,3,mic-1.0
3566,4,5,1992,9,2,1992,0,0,17,4,5,1,1,mic-1.0
3567,4,15,1992,12,25,1992,0,0,14,4,4,1,1,mic-1.0
3568,10,7,1992,1,4,1994,53,201,17,4,5,1,4,mic-1.0
3569,9,30,1992,12,20,1992,2,2,17,4,6,1,1,mic-1.0
3570,5,22,1992,5,22,1992,3,3,17,4,5,1,1,mic-1.0
3573,4,21,1992,5,31,1992,0,0,15,4,7,1,1,mic-1.0
3574,2,1,1992,12,25,1992,32,95,17,4,6,1,1,mic-1.0
3604,2,19,1978,2,19,1978,10,10,17,4,5,1,1,mic-1.0
3606,7,-9,1978,8,28,1978,0,0,7,3,5,1,1,mic-1.0
3610,9,22,1980,9,22,1980,0,0,7,3,5,1,1,mic-1.0
3614,3,-9,1983,4,20,1983,46,92,17,4,5,1,1,mic-1.0
3615,4,26,1983,4,26,1983,0,0,1,2,7,1,1,mic-1.0
3616,9,4,1983,10,3,1983,0,0,7,3,5,1,2,mic-1.0
3617,4,25,1984,6,5,1984,0,0,16,4,5,1,6,mic-1.0
3618,5,6,1985,10,5,1985,0,0,17,4,5,1,1,mic-1.0
3620,11,-9,1985,12,3,1985,0,0,15,4,5,2,1,mic-1.0
3622,1,1,1984,2,5,1986,6576,19903,22,5,5,1,1,mic-1.0
3625,11,24,1985,3,11,1986,0,0,15,4,3,1,3,mic-1.0
3626,3,7,1986,4,14,1986,0,0,17,4,5,1,1,mic-1.0
3628,10,14,1986,3,15,1987,852,1670,17,4,5,1,1,mic-1.0
3629,6,22,1986,6,22,1986,0,0,7,3,5,1,1,mic-1.0
3630,3,31,1982,6,14,1982,779,957,22,5,2,1,1,mic-1.0
3631,6,-9,1977,8,21,1979,356,1139,17,4,1,2,1,mic-1.0
3632,12,3,1980,12,3,1980,0,0,8,3,5,1,1,mic-1.0
3633,12,12,1980,11,15,1981,0,0,17,4,5,2,1,mic-1.0
3634,2,17,1983,11,21,1984,565,1601,17,4,5,1,4,mic-1.0
3635,2,10,1986,9,11,1987,5809,9882,22,5,5,2,1,mic-1.0
3636,1,13,1986,4,15,1986,1,1,16,4,3,1,1,mic-1.0
3637,1,16,1986,1,16,1986,0,0,7,3,5,1,2,mic-1.0
3638,10,5,1987,10,5,1987,1,1,16,4,5,1,1,mic-1.0
3645,4,18,1903,10,15,1903,0,0,14,4,1,1,1,mic-1.0
3647,2,21,1911,3,27,1911,0,0,11,3,4,1,1,mic-1.0
3656,9,-9,1937,3,-9,1938,0,0,16,4,5,1,1,mic-1.0
3659,11,6,1971,11,6,1971,0,0,7,3,5,1,1,mic-1.0
3704,2,16,1940,3,25,1940,0,0,16,4,5,1,1,mic-1.0
3705,9,28,1939,4,9,1940,0,0,16,4,9,1,1,mic-1.0
3706,9,30,1939,4,9,1940,2,50,16,4,1,1,1,mic-1.0
3707,1,10,1940,3,20,1940,0,0,16,4,5,1,1,mic-1.0
3718,6,25,1940,7,1,1940,0,0,14,4,5,1,1,mic-1.0
3719,9,16,1939,4,3,1941,0,0,16,4,7,1,1,mic-1.0
3723,11,8,1939,1,25,1940,0,0,16,4,8,1,1,mic-1.0
3724,11,19,1939,6,10,1940,0,0,15,4,9,1,1,mic-1.0
3725,5,20,1882,9,15,1882,830,1141,22,5,1,2,1,mic-1.0
3801,4,9,1940,4,22,1940,0,0,16,4,5,1,1,mic-1.0
3802,5,15,1940,5,15,1940,0,0,16,4,5,1,1,mic-1.0
3804,9,24,1939,7,24,1943,0,0,16,4,5,1,1,mic-1.0
3809,9,24,1939,5,11,1940,0,0,16,4,7,1,1,mic-1.0
3813,3,27,1941,4,17,1941,1410,2655,16,4,9,1,3,mic-1.0
3823,8,23,1940,8,30,1940,0,0,17,4,4,1,1,mic-1.0
3825,8,28,1940,8,30,1940,0,0,7,3,4,1,1,mic-1.0
3836,7,17,1940,7,19,1940,0,0,7,3,5,1,1,mic-1.0
3850,1,28,1940,2,19,1941,150,300,17,4,5,2,1,mic-1.0
3851,9,22,1940,10,20,1940,0,0,1,2,5,1,1,mic-1.0
3853,6,12,1940,10,20,1940,114,225,22,5,8,2,1,mic-1.0
3856,10,11,1940,10,11,1940,0,0,7,3,5,1,1,mic-1.0
3861,4,10,1940,5,14,1940,0,0,7,3,4,1,1,mic-1.0
3863,8,20,1940,10,29,1940,0,0,16,4,5,1,1,mic-1.0
3868,9,22,1941,9,22,1941,0,0,3,2,5,1,1,mic-1.0
3869,9,14,1941,9,19,1941,2,2,16,4,5,1,1,mic-1.0
3876,3,10,1942,8,24,1942,0,0,16,4,5,1,1,mic-1.0
3877,5,14,1942,9,4,1942,0,0,16,4,9,1,1,mic-1.0
3884,2,7,1943,2,7,1943,0,0,7,3,5,1,1,mic-1.0
3901,11,13,1988,1,31,1990,254,344,16,4,2,1,1,mic-1.0
3904,5,23,1989,5,27,1989,5,5,17,4,5,1,1,mic-1.0
3905,4,9,1989,9,30,1989,1,1,16,4,5,1,1,mic-1.0
3906,12,7,1989,12,15,1989,0,0,7,3,1,1,1,mic-1.0
3907,11,30,1989,11,30,1989,0,0,7,3,5,1,1,mic-1.0
3909,1,12,1989,1,13,1989,0,0,8,3,5,1,1,mic-1.0
3911,3,2,1989,3,13,1989,72,72,17,4,5,1,1,mic-1.0
3912,11,15,1989,4,2,1990,1,1,16,4,6,1,1,mic-1.0
3913,9,20,1989,9,23,1989,4,4,16,4,5,1,1,mic-1.0
3914,3,13,1989,3,14,1989,5,5,17,4,5,1,1,mic-1.0
3915,6,3,1989,6,3,1989,0,0,16,4,5,1,1,mic-1.0
3916,2,11,1989,4,7,1989,0,0,16,4,5,1,1,mic-1.0
3919,5,21,1989,5,21,1989,1,25,17,4,5,1,1,mic-1.0
3920,1,20,1989,9,27,1989,0,0,16,4,5,1,1,mic-1.0
3921,10,25,1989,10,25,1989,1,1,16,4,5,1,1,mic-1.0
3922,10,21,1989,10,21,1989,0,0,16,4,5,1,1,mic-1.0
3952,1,1,1990,5,29,1990,2,50,17,4,5,1,1,mic-1.0
3953,10,-9,1989,7,-9,1990,3,9,17,4,5,1,1,mic-1.0
3954,1,4,1990,1,4,1990,0,0,1,2,5,1,1,mic-1.0
3956,4,2,1990,2,28,1991,0,0,16,4,5,1,1,mic-1.0
3957,6,26,1990,1,2,1992,9726,46647,22,5,2,1,9,mic-1.0
3958,4,28,1990,2,1,1991,3,3,17,4,5,1,1,mic-1.0
3959,2,11,1990,12,22,1990,0,0,17,4,6,1,1,mic-1.0
3960,2,8,1990,2,10,1990,41,41,17,4,5,1,1,mic-1.0
3970,1,-9,1991,1,-9,1991,0,0,7,3,5,1,1,mic-1.0
3971,1,24,1991,1,24,1991,0,0,1,2,5,1,1,mic-1.0
3973,5,21,1991,5,22,1991,0,0,17,4,5,1,1,mic-1.0
3976,6,28,1991,6,30,1991,0,0,11,3,5,1,1,mic-1.0
3977,6,1,1991,9,17,1991,0,0,12,3,5,1,1,mic-1.0
3978,4,1,1991,4,23,1991,0,0,14,4,5,1,1,mic-1.0
3979,1,24,1991,12,28,1991,3,3,17,4,5,1,1,mic-1.0
3981,10,4,1991,10,4,1991,0,0,7,3,5,1,1,mic-1.0
3982,5,29,1991,8,29,1991,0,0,17,4,5,1,1,mic-1.0
3983,1,17,1991,3,1,1991,0,0,8,3,5,1,1,mic-1.0
3984,1,-9,1991,2,26,1991,0,0,11,3,5,1,1,mic-1.0
3985,4,25,1991,9,2,1991,68,116,17,4,5,1,1,mic-1.0
3986,12,16,1991,12,24,1991,1,1,16,4,5,1,1,mic-1.0
3987,10,6,1991,10,13,1991,0,0,7,3,5,1,1,mic-1.0
3988,2,1,1991,2,1,1991,2,2,17,4,5,1,1,mic-1.0
3994,9,16,1977,8,20,1979,31,155,17,4,5,1,2,mic-1.0
4001,1,1,1994,9,23,1996,4,12,17,4,5,1,1,mic-1.0
4002,2,8,1995,3,1,1995,0,0,16,4,5,1,1,mic-1.0
4003,1,3,1996,1,8,1996,0,0,11,3,1,1,1,mic-1.0
4004,1,24,1996,1,30,1996,0,0,14,4,1,1,1,mic-1.0
4005,6,25,1995,6,25,1995,0,0,17,4,5,1,1,mic-1.0
4006,5,20,1996,5,20,1996,0,0,8,3,5,1,1,mic-1.0
4007,9,17,1993,7,26,1999,615,1531,22,5,5,1,1,mic-1.0
4008,5,31,1995,5,31,1995,2,2,17,4,5,1,1,mic-1.0
4010,1,26,1993,1,26,1993,0,0,11,3,5,1,1,mic-1.0
4011,4,8,1995,6,13,1995,0,0,17,4,5,1,1,mic-1.0
4012,12,17,1995,12,22,1995,0,0,15,4,5,1,1,mic-1.0
4013,1,9,1995,7,25,1995,370,899,22,5,5,1,1,mic-1.0
4014,10,15,1993,10,16,1993,0,0,12,3,5,1,1,mic-1.0
4015,8,25,1995,9,23,1995,0,0,12,3,5,1,1,mic-1.0
4016,10,18,1993,9,18,1994,0,0,13,4,1,7,1,mic-1.0
4018,1,-9,1993,4,-9,1993,5,5,17,4,5,1,1,mic-1.0
4021,3,3,1993,3,24,1993,0,0,8,3,5,2,1,mic-1.0
4022,11,5,1993,9,3,1999,28,102,17,4,5,1,5,mic-1.0
4024,4,16,1994,4,28,1994,0,0,7,3,5,1,1,mic-1.0
4027,1,-9,1995,5,13,1995,0,0,15,4,5,1,1,mic-1.0
4028,12,-9,1996,9,23,1997,0,0,15,4,5,1,1,mic-1.0
4029,8,-9,1993,8,-9,1993,0,0,7,3,5,1,1,mic-1.0
4030,5,-9,1994,8,-9,1994,0,0,15,4,5,1,1,mic-1.0
4031,3,7,1995,4,16,1995,0,0,16,4,1,1,1,mic-1.0
4035,6,-9,1994,11,14,1994,0,0,12,3,5,1,1,mic-1.0
4038,1,22,1993,4,11,1993,1,1,16,4,5,1,1,mic-1.0
4039,10,14,1993,10,14,1993,0,0,16,4,5,1,1,mic-1.0
4040,6,8,1994,6,8,1995,0,0,16,4,5,1,1,mic-1.0
4041,4,10,1994,9,8,1994,2,2,17,4,5,1,1,mic-1.0
4042,11,26,1993,9,27,1995,0,0,16,4,5,1,1,mic-1.0
4045,3,-9,1995,3,-9,1995,0,0,7,3,5,1,1,mic-1.0
4046,4,23,1994,6,13,1994,0,0,12,3,5,2,1,mic-1.0
4048,1,26,1993,1,-9,1993,0,0,7,3,8,1,1,mic-1.0
4050,4,8,1994,4,11,1994,0,0,15,4,5,1,1,mic-1.0
4051,2,15,1993,2,15,1993,0,0,7,3,5,1,1,mic-1.0
4054,3,3,1993,2,21,1994,27,55,17,4,5,6,1,mic-1.0
4058,6,26,1993,6,26,1993,1,1,17,4,5,1,1,mic-1.0
4060,3,25,1995,3,25,1995,0,0,7,3,5,1,1,mic-1.0
4061,8,21,1995,8,21,1995,0,0,7,3,5,1,1,mic-1.0
4062,7,-9,1996,7,-9,1996,0,0,7,3,5,1,1,mic-1.0
4063,9,2,1996,9,19,1996,0,0,8,3,5,1,1,mic-1.0
4064,7,-9,1995,3,23,1996,0,0,11,3,5,1,2,mic-1.0
4065,8,23,1994,10,-9,1994,0,0,7,3,5,1,2,mic-1.0
4066,2,1,1993,2,4,1993,0,0,8,3,5,1,1,mic-1.0
4067,2,18,1993,2,18,1993,1,1,17,4,5,1,1,mic-1.0
4068,7,26,1995,7,-9,1995,0,0,14,4,5,1,1,mic-1.0
4069,3,31,1993,4,7,1993,0,0,15,4,7,1,1,mic-1.0
4071,10,23,1994,10,23,1994,0,0,11,3,8,1,1,mic-1.0
4072,3,13,1993,7,25,1993,0,0,16,4,5,1,1,mic-1.0
4073,3,11,1993,3,11,1993,0,0,1,2,5,1,1,mic-1.0
4075,3,5,1993,5,1,1993,0,0,17,4,6,1,1,mic-1.0
4076,6,1,1996,11,29,1996,0,0,16,4,5,1,1,mic-1.0
4078,8,5,1994,4,14,1997,62,80,17,4,5,1,1,mic-1.0
4079,3,8,1994,7,-9,1994,44,44,17,4,5,1,1,mic-1.0
4081,11,-9,1994,11,-9,1994,0,0,11,3,5,1,1,mic-1.0
4082,12,-9,1995,4,-9,1996,0,0,16,4,5,1,1,mic-1.0
4083,3,14,1995,3,22,1995,0,0,12,3,5,1,1,mic-1.0
4084,11,-9,1995,11,-9,1995,0,0,11,3,8,1,1,mic-1.0
4085,5,28,1993,5,28,1993,0,0,17,4,8,1,1,mic-1.0
4088,2,-9,1999,4,-9,2000,0,0,12,3,5,1,2,mic-1.0
4089,10,25,1997,10,25,1997,0,0,17,4,8,1,1,mic-1.0
4092,12,28,1995,7,9,1996,0,0,17,4,5,1,1,mic-1.0
4094,10,6,1994,11,14,1995,0,0,12,3,7,1,1,mic-1.0
4095,6,3,1996,7,20,2001,2,2,16,4,5,1,2,mic-1.0
4096,8,25,1997,12,23,1997,0,0,14,4,6,1,1,mic-1.0
4097,3,13,1997,3,13,1997,0,0,17,4,5,1,1,mic-1.0
4098,3,24,1996,3,24,1996,0,0,7,3,5,1,1,mic-1.0
4100,5,7,1995,11,12,1995,0,0,10,3,1,1,1,mic-1.0
4101,8,12,1995,8,24,1995,0,0,11,3,5,1,1,mic-1.0
4102,8,12,1995,8,24,1995,0,0,11,3,5,1,1,mic-1.0
4103,1,10,1994,1,10,1994,0,0,8,3,4,1,1,mic-1.0
4105,3,29,1995,3,29,1995,0,0,7,3,5,1,1,mic-1.0
4106,6,20,1993,6,20,1993,0,0,7,3,5,1,1,mic-1.0
4108,3,26,1997,3,26,1997,0,0,8,3,5,1,1,mic-1.0
4109,10,17,1996,10,25,1996,0,0,12,3,3,1,1,mic-1.0
4111,8,5,1998,8,5,1998,0,0,11,3,5,1,1,mic-1.0
4113,11,6,1994,11,6,1994,0,0,16,4,5,1,1,mic-1.0
4114,10,23,1994,1,24,1995,31,49,17,4,5,1,1,mic-1.0
4117,10,22,1997,4,1,1998,0,0,12,3,5,1,1,mic-1.0
4118,6,15,1995,11,3,1995,0,0,8,3,5,1,1,mic-1.0
4119,1,3,1994,11,27,1994,16,44,17,4,5,1,1,mic-1.0
4121,11,13,1995,8,28,1996,30,42,17,4,5,1,1,mic-1.0
4122,9,22,1996,5,17,1997,352,750,17,4,5,1,1,mic-1.0
4123,9,27,1997,11,-9,1997,0,0,17,4,8,1,1,mic-1.0
4124,7,21,1996,5,2,1999,20,202,17,4,6,1,1,mic-1.0
4125,6,16,1999,7,18,1999,0,0,7,3,5,2,1,mic-1.0
4126,2,15,1996,2,15,1996,0,0,7,3,5,1,1,mic-1.0
4128,8,-9,1998,5,16,2000,0,0,15,4,6,1,1,mic-1.0
4130,1,-9,1997,1,13,1997,0,0,17,4,5,1,1,mic-1.0
4134,6,27,1995,7,17,1995,2,2,17,4,5,1,1,mic-1.0
4135,8,15,1997,5,2,1998,4,13,17,4,5,1,1,mic-1.0
4136,3,3,1997,3,20,1997,0,0,11,3,5,1,1,mic-1.0
4137,2,-9,1998,6,10,1999,250,400,22,5,1,23,1,mic-1.0
4138,1,12,1999,1,12,1999,3,3,17,4,5,1,1,mic-1.0
4140,12,1,1999,7,-9,2000,0,0,17,4,6,1,1,mic-1.0
4143,9,20,1995,7,-9,1996,0,0,17,4,5,1,1,mic-1.0
4144,5,13,1997,10,19,1997,0,0,16,4,5,1,1,mic-1.0
4147,7,17,1998,8,-9,1998,0,0,15,4,5,1,1,mic-1.0
4150,8,-9,1997,8,26,1997,0,0,12,3,5,1,1,mic-1.0
4151,2,24,2000,4,-9,2000,0,0,15,4,5,1,1,mic-1.0
4152,12,28,2000,5,13,2001,0,0,12,3,5,1,1,mic-1.0
4154,4,-9,1997,5,28,1997,0,0,16,4,6,1,1,mic-1.0
4156,6,3,2000,9,-9,2000,0,0,12,3,5,1,1,mic-1.0
4158,3,20,1995,7,10,1995,0,0,14,4,5,1,1,mic-1.0
4159,9,5,1995,9,5,1995,0,0,11,3,5,1,1,mic-1.0
4160,8,8,1998,11,-9,1998,2,50,17,4,7,1,1,mic-1.0
4161,5,16,1999,5,16,1999,0,0,16,4,5,1,1,mic-1.0
4162,9,7,1994,12,16,1994,0,0,11,3,4,1,1,mic-1.0
4164,2,14,1994,2,14,1994,0,0,7,3,5,1,1,mic-1.0
4165,6,12,1995,6,13,1995,2,2,17,4,5,1,1,mic-1.0
4166,2,3,1996,5,14,1996,55,227,17,4,5,1,1,mic-1.0
4168,5,13,1995,5,13,1995,11,11,17,4,5,1,1,mic-1.0
4169,1,20,1994,1,20,1994,0,0,12,3,5,1,1,mic-1.0
4170,11,17,1996,12,10,1996,0,0,16,4,4,1,1,mic-1.0
4171,1,9,1997,8,-9,1997,0,0,16,4,5,1,1,mic-1.0
4173,7,13,1996,7,13,1996,0,0,16,4,5,1,1,mic-1.0
4175,2,13,1998,2,13,1998,2,10,17,4,5,1,1,mic-1.0
4176,5,25,1997,5,25,1997,0,0,11,3,5,4,1,mic-1.0
4177,10,29,1999,10,-9,1999,0,0,14,4,5,1,1,mic-1.0
4180,5,14,1999,7,12,1999,0,0,7,3,5,1,1,mic-1.0
4182,4,6,1993,12,30,2014,102,277,17,4,6,1,2,mic-1.0
4186,3,27,2000,3,27,2000,0,0,7,3,3,6,1,mic-1.0
4187,6,-9,1998,11,-9,1998,0,0,11,3,5,1,1,mic-1.0
4188,1,16,1999,6,9,1999,0,0,17,4,6,1,1,mic-1.0
4189,7,-9,1998,10,26,1998,0,0,14,4,6,1,1,mic-1.0
4190,6,-9,1996,6,-9,1996,0,0,11,3,5,2,1,mic-1.0
4192,7,27,1996,1,-9,1997,0,0,16,4,5,1,1,mic-1.0
4193,10,10,1997,7,29,1998,0,0,17,4,5,1,1,mic-1.0
4197,11,-9,2000,11,-9,2000,0,0,8,3,5,1,2,mic-1.0
4201,9,24,1999,3,27,2001,3,27,17,4,5,2,1,mic-1.0
4203,6,-9,1997,8,4,1998,5,5,17,4,8,1,1,mic-1.0
4205,9,29,1997,11,8,1997,0,0,16,4,5,1,1,mic-1.0
4206,9,5,1996,2,17,1999,0,0,16,4,5,1,1,mic-1.0
4208,9,29,1999,10,-9,1999,0,0,14,4,5,1,1,mic-1.0
4210,2,9,2000,1,31,2001,0,0,7,3,5,1,1,mic-1.0
4212,11,17,1999,3,14,2001,0,0,12,3,5,1,1,mic-1.0
4215,1,11,1999,1,11,1999,0,0,8,3,5,1,1,mic-1.0
4216,10,3,1997,10,3,1997,0,0,7,3,4,1,1,mic-1.0
4217,8,20,1998,8,20,1998,0,0,16,4,5,1,1,mic-1.0
4218,3,23,2000,3,23,2000,0,0,1,2,5,1,2,mic-1.0
4220,10,17,2000,11,9,2000,0,0,7,3,5,1,1,mic-1.0
4221,6,18,2000,9,11,2000,1,1,17,4,5,1,2,mic-1.0
4223,7,18,1999,10,28,2000,74,127,17,4,5,1,1,mic-1.0
4224,11,8,1993,11,8,1993,0,0,1,2,5,1,1,mic-1.0
4226,9,-9,1997,9,-9,1997,0,0,7,3,5,1,1,mic-1.0
4227,8,20,1998,8,20,1998,0,0,16,4,5,1,1,mic-1.0
4228,8,11,1998,8,-9,1998,0,0,11,3,5,3,1,mic-1.0
4229,8,8,2000,8,8,2000,0,0,11,3,5,1,1,mic-1.0
4230,6,27,1997,6,27,1997,0,0,8,3,5,1,1,mic-1.0
4232,4,3,2000,4,27,2000,0,0,16,4,5,1,1,mic-1.0
4235,2,5,2001,2,5,2001,0,0,16,4,5,1,1,mic-1.0
4236,12,12,2001,12,12,2001,0,0,4,2,5,1,1,mic-1.0
4238,2,14,2001,2,19,2001,0,0,7,3,5,1,1,mic-1.0
4239,2,14,2001,4,11,2001,0,0,7,3,5,1,1,mic-1.0
4240,8,30,2001,9,-9,2001,0,0,7,3,5,1,1,mic-1.0
4242,10,18,2001,9,27,2003,0,0,16,4,5,1,1,mic-1.0
4244,5,8,1997,5,-9,1997,0,0,11,3,5,1,1,mic-1.0
4245,10,8,1997,10,8,1997,0,0,16,4,5,1,1,mic-1.0
4246,10,11,1997,10,15,1997,52,200,17,4,1,1,1,mic-1.0
4248,9,28,1998,8,4,1999,0,0,16,4,5,1,1,mic-1.0
4249,2,16,1997,2,-9,1997,0,0,11,3,5,1,1,mic-1.0
4250,3,1,1998,9,8,1998,13,37,17,4,5,1,1,mic-1.0
4251,5,27,1997,3,10,1998,58,227,17,4,1,3,1,mic-1.0
4252,8,14,1999,8,18,1999,502,1000,17,4,5,1,1,mic-1.0
4253,5,5,2000,6,11,2000,52,200,17,4,5,1,1,mic-1.0
4254,9,-9,1998,9,-9,1998,0,0,7,3,8,1,1,mic-1.0
4255,2,-9,1998,2,-9,1998,0,0,12,3,8,1,1,mic-1.0
4256,4,9,1999,4,-9,1999,0,0,11,3,8,2,1,mic-1.0
4257,7,-9,2000,5,27,2001,1,1,16,4,5,1,1,mic-1.0
4258,5,6,1998,6,18,2000,58028,94760,22,5,6,1,1,mic-1.0
4259,2,-9,2001,3,16,2001,0,0,11,3,6,1,1,mic-1.0
4260,10,3,1999,10,6,1999,0,0,12,3,5,1,1,mic-1.0
4261,10,12,2000,10,21,2000,0,0,12,3,5,1,1,mic-1.0
4262,10,13,2000,11,23,2000,0,0,16,4,5,1,1,mic-1.0
4266,12,22,2001,12,22,2001,1,25,17,4,5,1,1,mic-1.0
4269,8,2,1994,9,22,1995,0,0,11,3,5,7,1,mic-1.0
4271,8,30,1996,11,4,1996,1,25,16,4,4,3,1,mic-1.0
4272,10,-9,1996,3,2,1997,0,0,17,4,5,1,1,mic-1.0
4273,10,7,1997,5,1,2003,3604,6336,22,5,1,19,1,mic-1.0
4275,8,10,2000,8,10,2000,0,0,10,3,5,1,1,mic-1.0
4277,7,13,2001,11,22,2003,21,357,17,4,3,1,1,mic-1.0
4278,4,17,2001,4,17,2001,0,0,7,3,5,1,1,mic-1.0
4279,5,-9,2001,5,-9,2001,0,0,7,3,5,1,1,mic-1.0
4280,3,23,2001,7,3,2001,1,1,16,4,7,1,1,mic-1.0
4281,3,27,2001,8,-9,2001,0,0,7,3,5,1,2,mic-1.0
4282,6,2,2001,11,10,2004,17,17,17,4,5,1,1,mic-1.0
4283,9,15,2001,12,17,2001,5423,7484,22,5,1,15,1,mic-1.0
4284,12,21,2001,8,27,2002,26,26,17,4,5,1,1,mic-1.0
4288,3,-9,1996,3,-9,1996,1,25,16,4,5,1,1,mic-1.0
4290,8,24,2001,8,24,2001,0,0,7,3,5,1,1,mic-1.0
4291,10,1,1998,10,20,1998,0,0,7,3,1,1,1,mic-1.0
4293,6,27,1995,6,27,1995,0,0,8,3,5,1,1,mic-1.0
4295,8,1,2000,10,6,2000,0,0,15,4,7,1,2,mic-1.0
4298,8,5,2000,9,26,2000,0,0,15,4,5,1,2,mic-1.0
4299,6,26,1993,6,28,1993,1,25,16,4,5,1,1,mic-1.0
4300,1,26,2001,5,29,2001,0,0,16,4,5,1,1,mic-1.0
4301,5,-9,2001,5,-9,2001,0,0,15,4,7,1,1,mic-1.0
4302,8,13,1999,9,17,1999,0,0,8,3,6,1,1,mic-1.0
4303,1,7,2001,4,12,2001,0,0,16,4,8,1,1,mic-1.0
4304,12,7,1997,12,7,1997,0,0,7,3,5,1,1,mic-1.0
4305,10,30,2001,3,1,2002,0,0,16,4,5,1,1,mic-1.0
4306,3,1,2001,3,6,2001,0,0,14,4,5,1,1,mic-1.0
4307,4,14,1994,9,-9,1994,0,0,14,4,3,1,1,mic-1.0
4308,2,8,1993,2,8,1993,6,6,17,4,5,1,1,mic-1.0
4309,3,4,1996,4,-9,1996,0,0,14,4,5,1,1,mic-1.0
4310,3,26,2001,3,26,2001,0,0,11,3,5,1,1,mic-1.0
4312,4,29,2000,5,1,2000,0,0,14,4,5,1,1,mic-1.0
4313,4,29,2001,4,29,2001,0,0,11,3,5,1,1,mic-1.0
4314,2,10,2001,4,29,2001,26,100,17,4,5,1,1,mic-1.0
4315,5,20,1997,5,-9,1997,0,0,11,3,5,1,1,mic-1.0
4317,7,23,2001,8,13,2001,0,0,12,3,8,1,1,mic-1.0
4318,3,8,1995,3,9,1995,52,200,17,4,5,1,1,mic-1.0
4319,12,15,1996,5,14,1997,47,107,17,4,5,1,1,mic-1.0
4320,12,27,2001,5,13,2003,0,0,7,3,5,1,1,mic-1.0
4322,8,13,1999,8,13,1999,0,0,8,3,5,1,1,mic-1.0
4323,3,17,1997,4,3,1997,0,0,7,3,5,1,1,mic-1.0
4328,9,-9,1998,9,-9,1998,0,0,7,3,5,1,1,mic-1.0
4329,8,-9,1998,8,-9,1998,0,0,7,3,5,1,1,mic-1.0
4330,10,30,1999,10,30,1999,0,0,16,4,5,1,1,mic-1.0
4331,4,16,1994,4,28,1994,0,0,7,3,5,1,1,mic-1.0
4332,2,17,1994,2,17,1994,0,0,8,3,5,1,1,mic-1.0
4333,1,-9,1994,1,-9,1994,0,0,7,3,5,2,1,mic-1.0
4335,6,24,1999,6,24,1999,0,0,7,3,5,1,3,mic-1.0
4337,5,20,1997,5,-9,1997,0,0,11,3,8,1,1,mic-1.0
4339,8,2,1998,7,30,2002,559,6815,22,5,5,4,2,mic-1.0
4340,1,24,1993,2,20,1993,1,1,16,4,5,1,1,mic-1.0
4341,6,5,1993,3,1,1994,22,655,17,4,6,1,1,mic-1.0
4342,4,8,1999,6,11,1999,0,0,8,3,5,1,13,mic-1.0
4343,11,24,2000,11,27,2000,0,0,7,3,4,1,37,mic-1.0
4345,1,6,2002,12,26,2002,0,0,16,4,5,1,1,mic-1.0
4346,1,23,2002,2,4,2002,0,0,14,4,3,1,1,mic-1.0
4347,3,9,2002,4,19,2003,0,0,16,4,5,1,2,mic-1.0
4348,1,27,2002,6,6,2002,0,0,15,4,8,1,1,mic-1.0
4349,3,19,2002,10,18,2002,20,60,17,4,5,1,1,mic-1.0
4350,7,1,2002,7,1,2002,0,0,16,4,5,1,1,mic-1.0
4351,7,7,2002,7,7,2002,0,0,11,3,5,1,1,mic-1.0
4352,7,11,2002,7,18,2002,0,0,14,4,2,1,1,mic-1.0
4355,9,2,2002,9,5,2002,0,0,15,4,5,1,1,mic-1.0
4358,12,14,2002,1,22,2003,0,0,16,4,5,1,1,mic-1.0
4359,12,12,2002,12,-9,2002,0,0,14,4,5,1,1,mic-1.0
4361,10,4,2003,10,4,2003,0,0,7,3,5,1,1,mic-1.0
4362,11,1,2003,11,27,2003,1,1,17,4,5,1,1,mic-1.0
4363,11,1,2003,11,1,2003,0,0,16,4,5,1,1,mic-1.0
4364,12,26,2003,12,26,2003,0,0,8,3,5,1,1,mic-1.0
4365,4,21,2004,4,21,2004,0,0,11,3,5,1,1,mic-1.0
4366,4,-9,2004,5,-9,2005,0,0,14,4,5,2,1,mic-1.0
4367,4,29,2004,7,30,2004,1,1,17,4,5,2,1,mic-1.0
4369,7,12,2004,7,12,2004,0,0,11,3,5,1,1,mic-1.0
4370,8,8,2004,4,28,2005,0,0,14,4,5,1,1,mic-1.0
4371,11,6,2004,11,6,2004,9,9,17,4,5,1,1,mic-1.0
4372,12,2,2004,12,4,2004,1,25,17,4,5,1,1,mic-1.0
4373,1,4,2005,3,17,2005,0,0,11,3,5,1,1,mic-1.0
4374,1,18,2005,3,7,2005,1,1,16,4,5,1,1,mic-1.0
4375,2,17,2005,3,24,2005,0,0,11,3,5,1,1,mic-1.0
4376,3,13,2005,3,13,2005,0,0,11,3,5,1,1,mic-1.0
4377,3,23,2005,3,23,2005,0,0,11,3,5,1,1,mic-1.0
4378,4,26,2005,4,26,2005,0,0,16,4,5,1,1,mic-1.0
4380,6,18,2005,6,18,2005,1,1,16,4,5,1,1,mic-1.0
4381,9,29,2005,9,29,2005,0,0,3,2,5,1,1,mic-1.0
4383,10,25,2005,10,25,2005,0,0,11,3,5,1,1,mic-1.0
4384,11,5,2005,2,17,2006,0,0,17,4,5,1,1,mic-1.0
4385,4,24,2006,4,27,2006,1,25,17,4,5,1,1,mic-1.0
4386,4,27,2006,4,27,2006,1,1,17,4,5,1,1,mic-1.0
4387,6,17,2006,1,17,2007,0,0,14,4,5,1,1,mic-1.0
4388,8,17,2006,8,17,2006,0,0,12,3,2,1,1,mic-1.0
4389,10,16,2006,10,16,2006,0,0,11,3,5,1,1,mic-1.0
4390,10,-9,2006,4,9,2007,19,52,17,4,5,1,1,mic-1.0
4391,11,9,2006,11,9,2006,0,0,8,3,5,1,1,mic-1.0
4392,7,28,2007,12,19,2007,3,3,17,4,5,1,1,mic-1.0
4393,9,10,2007,9,10,2007,0,0,16,4,8,1,1,mic-1.0
4394,12,26,2007,12,26,2007,0,0,17,4,5,1,1,mic-1.0
4395,12,28,2007,7,13,2008,0,0,17,4,5,1,1,mic-1.0
4396,2,12,2008,2,12,2008,1,1,17,4,2,1,1,mic-1.0
4398,4,18,2008,6,10,2008,3,27,17,4,5,1,1,mic-1.0
4399,5,9,2008,7,8,2008,1,1,16,4,5,1,1,mic-1.0
4400,11,11,2008,11,11,2008,0,0,11,3,5,1,1,mic-1.0
4401,12,5,2008,3,16,2011,0,0,16,4,5,1,1,mic-1.0
4402,2,27,2009,3,-9,2009,0,0,14,4,5,1,1,mic-1.0
4404,6,20,2009,9,12,2009,0,0,11,3,5,1,1,mic-1.0
4405,1,3,2010,1,3,2010,11,35,17,4,2,1,1,mic-1.0
4406,6,28,2010,6,28,2010,0,0,11,3,5,1,1,mic-1.0
4408,8,29,2010,9,-9,2010,0,0,14,4,8,1,1,mic-1.0
4409,2,22,2002,2,22,2002,0,0,7,3,5,1,1,mic-1.0
4414,8,9,2002,12,31,2014,90,208,17,4,5,1,1,mic-1.0
4417,4,25,2003,4,25,2003,0,0,7,3,5,1,1,mic-1.0
4418,5,27,2003,5,27,2003,0,0,8,3,5,1,1,mic-1.0
4419,7,-9,2003,7,-9,2003,0,0,11,3,5,1,1,mic-1.0
4423,10,21,2004,3,30,2005,0,0,7,3,5,1,1,mic-1.0
4425,3,23,2005,3,23,2005,0,0,12,3,5,1,1,mic-1.0
4426,3,23,2005,6,6,2005,0,0,16,4,5,1,1,mic-1.0
4427,5,13,2005,11,2,2005,0,0,11,3,5,1,1,mic-1.0
4428,5,21,2005,5,21,2005,0,0,11,3,5,1,1,mic-1.0
4430,12,14,2005,12,14,2005,0,0,11,3,5,1,1,mic-1.0
4431,5,23,2006,9,21,2006,0,0,7,3,5,1,1,mic-1.0
4432,6,30,2006,9,26,2006,0,0,16,4,5,1,1,mic-1.0
4433,9,26,2006,12,7,2006,1,1,16,4,5,1,1,mic-1.0
4434,10,11,2006,10,11,2006,0,0,16,4,5,1,1,mic-1.0
4435,5,26,2007,7,24,2007,0,0,7,3,5,1,1,mic-1.0
4437,12,26,2007,2,16,2008,0,0,7,3,5,1,1,mic-1.0
4438,4,-9,2008,4,-9,2008,0,0,7,3,5,1,1,mic-1.0
4440,7,14,2008,7,14,2008,0,0,7,3,5,1,1,mic-1.0
4441,4,9,2009,4,9,2009,0,0,7,3,5,1,1,mic-1.0
4442,1,17,2010,6,12,2010,0,0,17,4,5,1,1,mic-1.0
4443,6,8,2010,6,8,2010,0,0,7,3,5,1,1,mic-1.0
4444,10,12,2002,11,3,2002,0,0,7,3,5,1,1,mic-1.0
4445,5,8,2002,5,8,2002,0,0,12,3,5,1,1,mic-1.0
4446,6,8,2002,6,13,2002,0,0,7,3,5,1,1,mic-1.0
4447,6,13,2002,6,13,2002,0,0,12,3,5,1,1,mic-1.0
4449,9,4,2002,9,5,2002,0,0,7,3,5,1,1,mic-1.0
4450,9,19,2002,9,19,2002,0,0,7,3,5,1,1,mic-1.0
4455,2,20,2003,9,23,2003,0,0,12,3,5,1,2,mic-1.0
4456,6,10,2003,6,11,2003,0,0,15,4,5,1,1,mic-1.0
4458,6,26,2003,6,26,2003,0,0,12,3,5,1,1,mic-1.0
4460,7,3,2003,7,3,2003,0,0,7,3,5,1,1,mic-1.0
4461,7,30,2003,7,30,2003,0,0,7,3,5,1,1,mic-1.0
4462,8,6,2003,5,4,2004,0,0,7,3,5,1,1,mic-1.0
4463,9,15,2003,9,15,2003,0,0,11,3,5,1,1,mic-1.0
4465,11,-9,2004,11,-9,2004,0,0,7,3,5,1,1,mic-1.0
4466,9,-9,2004,9,-9,2004,0,0,11,3,5,1,1,mic-1.0
4467,5,14,2004,11,10,2004,0,0,7,3,3,1,1,mic-1.0
4468,3,8,2005,7,7,2005,0,0,7,3,5,1,1,mic-1.0
4469,5,24,2005,5,24,2005,0,0,1,2,5,1,1,mic-1.0
4470,6,18,2005,7,10,2005,0,0,7,3,5,1,1,mic-1.0
4472,9,9,2005,11,11,2005,0,0,7,3,5,1,1,mic-1.0
4473,10,28,2005,11,13,2005,0,0,17,4,5,1,1,mic-1.0
4474,11,-9,2005,5,-9,2006,0,0,14,4,5,1,1,mic-1.0
4475,1,25,2006,1,25,2006,0,0,7,3,5,1,1,mic-1.0
4476,4,19,2006,4,19,2006,0,0,7,3,5,1,1,mic-1.0
4477,8,16,2006,8,16,2006,0,0,16,4,5,1,1,mic-1.0
4478,4,28,2007,5,27,2007,0,0,7,3,5,1,2,mic-1.0
4479,6,21,2007,6,21,2007,0,0,1,2,5,1,1,mic-1.0
4480,2,9,2008,2,9,2008,0,0,7,3,5,1,1,mic-1.0
4481,5,6,2008,6,22,2008,0,0,7,3,5,1,1,mic-1.0
4482,6,16,2008,6,16,2008,0,0,7,3,5,1,1,mic-1.0
4483,1,17,2009,7,1,2013,48,48,17,4,5,2,1,mic-1.0
4486,3,8,2009,3,19,2009,0,0,7,3,5,1,1,mic-1.0
4487,9,13,2009,9,13,2009,0,0,8,3,5,1,1,mic-1.0
4488,3,29,2010,10,12,2010,0,0,15,4,5,1,1,mic-1.0
4490,6,4,2010,6,4,2010,0,0,16,4,5,1,1,mic-1.0
4491,4,21,2010,12,30,2014,0,0,15,4,5,1,1,mic-1.0
4492,9,14,2010,9,14,2010,0,0,7,3,5,1,1,mic-1.0
4495,3,-9,2003,3,30,2003,0,0,16,4,5,1,1,mic-1.0
4496,7,15,2003,7,15,2003,0,0,16,4,5,1,1,mic-1.0
4497,2,22,2004,2,26,2004,0,0,11,3,5,1,1,mic-1.0
4499,3,7,2006,3,11,2006,0,0,7,3,5,1,1,mic-1.0
4501,3,-9,2007,3,-9,2007,0,0,16,4,5,1,1,mic-1.0
4502,3,2,2008,3,3,2008,0,0,16,4,5,1,1,mic-1.0
4503,3,3,2008,5,16,2008,0,0,12,3,5,1,1,mic-1.0
4504,3,7,2009,8,12,2009,0,0,11,3,5,1,1,mic-1.0
4505,8,9,2009,11,21,2009,0,0,12,3,5,1,1,mic-1.0
4506,1,8,2010,1,8,2010,0,0,7,3,5,1,1,mic-1.0
4507,7,29,2010,7,30,2010,0,0,11,3,5,1,1,mic-1.0
4508,10,-9,2010,10,-9,2010,0,0,12,3,5,1,1,mic-1.0
4509,4,23,2002,4,23,2002,0,0,11,3,5,1,1,mic-1.0
4510,8,22,2002,9,16,2002,0,0,11,3,5,1,1,mic-1.0
4511,1,8,2003,1,8,2003,1,1,17,4,5,1,1,mic-1.0
4512,3,21,2003,7,4,2003,0,0,16,4,5,2,1,mic-1.0
4513,3,22,2003,3,22,2003,0,0,8,3,5,1,1,mic-1.0
4515,5,26,2003,5,26,2003,0,0,16,4,5,1,1,mic-1.0
4516,7,5,2003,7,6,2003,0,0,15,4,7,1,1,mic-1.0
4517,8,17,2003,11,10,2003,0,0,16,4,5,1,1,mic-1.0
4518,3,-9,2004,4,16,2004,0,0,17,4,5,1,1,mic-1.0
4519,3,14,2004,1,1,2005,1,1,17,4,2,1,1,mic-1.0
4520,3,16,2004,3,16,2004,0,0,11,3,5,1,1,mic-1.0
4523,6,15,2004,1,6,2005,0,0,15,4,5,1,1,mic-1.0
4525,9,23,2004,9,29,2004,2,2,16,4,5,1,1,mic-1.0
4526,11,17,2004,11,17,2004,3,3,16,4,5,1,1,mic-1.0
4527,4,22,2005,7,22,2005,0,0,17,4,5,2,1,mic-1.0
4528,4,-9,2005,4,-9,2005,0,0,11,3,5,1,1,mic-1.0
4530,9,17,2005,9,17,2005,0,0,17,4,5,1,1,mic-1.0
4531,6,2,2006,6,2,2006,2,2,17,4,5,1,1,mic-1.0
4532,6,28,2006,7,31,2006,0,0,16,4,5,1,1,mic-1.0
4534,9,8,2006,9,25,2010,3,3,16,4,5,1,1,mic-1.0
4535,9,-9,2006,8,29,2007,0,0,16,4,5,1,1,mic-1.0
4539,9,6,2007,9,6,2007,0,0,16,4,5,1,1,mic-1.0
4542,1,27,2009,1,27,2009,0,0,16,4,5,1,1,mic-1.0
4543,2,25,2009,2,25,2009,0,0,16,4,5,1,2,mic-1.0
4544,8,17,2009,8,17,2009,0,0,16,4,5,1,1,mic-1.0
4548,5,30,2010,5,30,2010,0,0,7,3,5,1,1,mic-1.0
4551,7,13,2005,8,22,2005,0,0,7,3,5,1,1,mic-1.0
4552,3,4,2002,1,30,2005,15,153,17,4,5,1,1,mic-1.0
4553,2,-9,2002,10,27,2002,0,0,17,4,5,1,1,mic-1.0
4554,3,7,2002,1,28,2007,9,63,17,4,5,1,1,mic-1.0
4556,1,-9,2003,1,-9,2003,0,0,7,3,5,1,1,mic-1.0
4557,10,4,2003,10,4,2003,2,2,16,4,5,1,1,mic-1.0
4559,1,4,2004,10,30,2004,0,0,11,3,5,1,1,mic-1.0
4563,9,24,2004,3,3,2005,0,0,15,4,5,1,1,mic-1.0
4564,5,10,2004,5,8,2005,1,1,17,4,5,1,1,mic-1.0
4565,12,13,2004,12,13,2004,0,0,8,3,5,1,1,mic-1.0
4566,1,18,2005,10,17,2005,0,0,16,4,5,1,1,mic-1.0
4567,3,2,2005,7,27,2005,0,0,8,3,5,1,1,mic-1.0
4569,5,13,2005,5,17,2005,0,0,11,3,5,1,1,mic-1.0
4570,9,22,2005,10,22,2005,0,0,11,3,5,1,1,mic-1.0
4573,4,26,2006,4,26,2006,0,0,17,4,5,1,1,mic-1.0
4574,7,11,2006,7,11,2006,0,0,11,3,5,1,1,mic-1.0
4576,12,20,2006,5,17,2007,12,12,17,4,5,1,1,mic-1.0
4577,1,22,2007,1,22,2007,1,1,16,4,5,1,1,mic-1.0
4578,2,14,2007,3,9,2007,2,2,17,4,5,1,1,mic-1.0
4579,3,21,2007,3,21,2007,1,1,16,4,5,1,1,mic-1.0
4580,12,14,2007,12,14,2007,0,0,11,3,5,1,1,mic-1.0
4581,6,22,2008,10,29,2008,0,0,17,4,5,1,1,mic-1.0
4582,1,31,2008,4,30,2011,4,52,17,4,5,1,1,mic-1.0
4583,4,9,2008,4,20,2008,0,0,17,4,5,1,1,mic-1.0
4584,4,14,2008,7,11,2008,16,64,17,4,5,1,1,mic-1.0
4585,5,14,2008,12,31,2014,53,53,17,4,5,1,1,mic-1.0
4586,5,23,2008,5,23,2008,0,0,7,3,5,1,1,mic-1.0
4588,7,15,2008,7,4,2010,4,22,17,4,5,1,1,mic-1.0
4591,11,3,2008,12,29,2009,0,0,11,3,5,1,1,mic-1.0
4594,4,23,2009,4,23,2009,1,1,17,4,5,1,1,mic-1.0
4597,10,23,2009,10,23,2009,0,0,11,3,5,1,1,mic-1.0
4598,9,30,2010,7,3,2012,27,27,17,4,5,1,1,mic-1.0
4599,10,12,2010,10,15,2011,0,0,17,4,5,1,1,mic-1.0
4601,4,12,2014,9,18,2014,0,0,7,3,8,1,1,mic-1.0
4602,12,25,2011,1,13,2012,0,0,7,3,8,1,1,mic-1.0
4603,11,1,2012,3,12,2013,0,0,16,4,8,1,1,mic-1.0
4604,4,14,2014,9,10,2014,0,0,16,4,8,1,1,mic-1.0
4605,12,5,2013,12,5,2013,0,0,7,3,8,1,1,mic-1.0
4606,8,19,2014,8,19,2014,0,0,7,3,8,1,1,mic-1.0
4607,1,7,2011,1,7,2011,0,0,16,4,8,1,1,mic-1.0
4610,11,1,2013,11,1,2013,0,0,7,3,8,1,1,mic-1.0
4612,2,12,2012,2,12,2012,0,0,7,3,8,1,1,mic-1.0
4613,10,2,2012,12,19,2012,0,0,15,4,7,1,1,mic-1.0
4614,11,13,2012,11,13,2012,0,0,7,3,8,1,1,mic-1.0
4615,7,3,2013,8,20,2013,0,0,7,3,8,1,1,mic-1.0
4616,4,2,2014,4,2,2014,0,0,7,3,8,1,1,mic-1.0
4617,4,4,2011,4,11,2011,0,0,17,4,1,1,1,mic-1.0
4618,8,19,2011,8,21,2011,0,0,15,4,7,1,1,mic-1.0
4619,2,15,2012,6,3,2012,0,0,16,4,7,1,1,mic-1.0
4620,7,28,2011,7,28,2011,0,0,11,3,8,1,1,mic-1.0
4621,7,7,2013,7,12,2013,0,0,16,4,8,1,1,mic-1.0
4624,5,28,2014,9,29,2014,0,0,17,4,8,1,1,mic-1.0
4625,1,12,2011,5,25,2011,0,0,7,3,8,1,1,mic-1.0
4626,2,15,2012,2,15,2012,0,0,7,3,8,1,1,mic-1.0
4627,10,10,2012,12,29,2014,0,0,7,3,8,1,1,mic-1.0
4628,9,26,2011,10,13,2011,0,0,7,3,8,1,2,mic-1.0
4629,6,18,2011,9,7,2011,0,0,15,4,8,1,1,mic-1.0
4630,8,16,2012,9,21,2012,0,0,7,3,8,1,1,mic-1.0
4631,5,27,2013,7,10,2014,0,0,7,3,8,1,1,mic-1.0
4632,8,17,2011,2,21,2013,0,0,16,4,8,1,1,mic-1.0
4633,6,2,2014,6,2,2014,0,0,16,4,8,1,1,mic-1.0
4636,1,13,2011,12,14,2014,28,44,17,4,8,2,1,mic-1.0
4637,10,23,2013,4,12,2014,0,0,7,3,8,1,2,mic-1.0
4639,11,29,2013,11,29,2013,0,0,16,4,8,1,1,mic-1.0
4642,10,19,2011,11,19,2011,2,2,16,4,8,1,1,mic-1.0
4643,1,25,2013,2,23,2013,0,0,14,4,8,1,1,mic-1.0
4644,11,24,2011,11,24,2011,0,0,17,4,8,1,1,mic-1.0
4645,10,13,2013,10,18,2013,0,0,15,4,8,1,1,mic-1.0
4646,6,-9,2013,10,30,2013,0,0,16,4,3,1,1,mic-1.0
4647,11,3,2012,11,3,2012,1,1,17,4,8,1,1,mic-1.0
4648,8,22,2013,9,18,2013,0,0,16,4,8,1,1,mic-1.0
4650,6,11,2014,12,9,2014,6,6,17,4,8,1,1,mic-1.0
4651,3,9,2013,3,9,2013,0,0,15,4,8,1,1,mic-1.0
4652,9,17,2011,10,31,2011,0,0,14,4,8,1,1,mic-1.0
4653,6,15,2013,7,3,2013,0,0,17,4,8,1,1,mic-1.0
4655,2,-9,2012,6,3,2012,0,0,16,4,8,1,1,mic-1.0
4656,11,10,2011,2,15,2014,2,27,17,4,8,1,1,mic-1.0
4657,11,15,2014,11,15,2014,0,0,16,4,8,1,1,mic-1.0
4658,4,5,2011,4,5,2011,0,0,16,4,8,1,1,mic-1.0
4659,12,-9,2011,12,-9,2011,0,0,16,4,8,1,1,mic-1.0
4660,10,23,2012,10,23,2012,0,0,16,4,8,1,1,mic-1.0
4661,10,18,2012,10,18,2012,0,0,11,3,8,1,1,mic-1.0
4662,6,1,2014,6,1,2014,0,0,7,3,8,1,1,mic-1.0
4663,6,8,2011,9,14,2011,0,0,16,4,8,1,1,mic-1.0
4664,11,12,2012,11,12,2012,0,0,7,3,8,1,1,mic-1.0
4666,5,27,2012,5,27,2012,0,0,17,4,8,1,1,mic-1.0
4667,5,10,2013,5,10,2013,4,4,16,4,8,1,1,mic-1.0
4668,2,19,2014,2,19,2014,0,0,1,2,8,1,2,mic-1.0
4669,5,7,2014,5,7,2014,0,0,17,4,8,1,1,mic-1.0
4671,1,1,2012,1,31,2012,0,0,16,4,8,1,1,mic-1.0
4672,10,27,2013,12,28,2014,2,2,17,4,8,1,1,mic-1.0
4673,5,14,2012,5,14,2012,0,0,7,3,8,1,1,mic-1.0
4674,8,18,2011,9,13,2011,3,3,16,4,8,1,1,mic-1.0
4675,7,30,2014,7,30,2014,6,6,16,4,8,1,1,mic-1.0
4676,1,19,2011,4,20,2012,0,0,7,3,8,8,1,mic-1.0
4678,11,29,2012,12,12,2014,0,0,8,3,8,14,1,mic-1.0
4679,3,2,2011,2,9,2012,0,0,7,3,8,1,2,mic-1.0
4680,2,7,2013,8,21,2014,0,0,8,3,8,2,3,mic-1.0
4681,7,18,2013,7,18,2013,0,0,16,4,8,1,1,mic-1.0
4682,4,2,2014,12,11,2014,0,0,16,4,8,1,1,mic-1.0
4683,2,24,2014,9,18,2014,0,0,14,4,8,1,1,mic-1.0
4684,9,19,2014,12,20,2014,0,0,14,4,8,1,1,mic-1.0
4685,3,18,2011,7,4,2011,0,0,17,4,1,33,1,mic-1.0
4686,4,-9,2011,7,22,2011,0,0,17,4,8,1,1,mic-1.0
4690,9,26,2013,9,26,2013,0,0,16,4,8,1,1,mic-1.0
4691,11,18,2011,11,20,2014,5,27,17,4,8,2,6,mic-1.0
4693,10,24,2013,9,17,2014,2,2,17,4,8,1,1,mic-1.0
4694,11,26,2013,11,29,2013,0,0,7,3,4,3,1,mic-1.0
4695,8,25,2014,8,25,2014,0,0,7,3,8,1,1,mic-1.0
4696,10,10,2014,10,10,2014,0,0,16,4,8,1,1,mic-1.0
4698,6,29,2011,6,29,2011,0,0,7,3,8,1,2,mic-1.0
4699,5,5,2011,7,5,2011,0,0,7,3,8,1,1,mic-1.0
4700,2,22,2012,4,20,2012,0,0,15,4,8,1,1,mic-1.0
4701,3,20,2013,7,7,2013,0,0,16,4,8,1,1,mic-1.0
4702,5,4,2014,8,18,2014,0,0,15,4,8,1,1,mic-1.0
4703,2,25,2011,6,15,2012,0,0,15,4,8,1,1,mic-1.0
4704,3,11,2014,5,10,2014,0,0,15,4,8,1,1,mic-1.0
4705,7,4,2012,1,26,2013,0,0,7,3,8,1,1,mic-1.0
4706,2,24,2014,11,10,2014,0,0,17,4,8,1,2,mic-1.0
4707,5,17,2013,5,17,2013,0,0,7,3,8,1,1,mic-1.0
4708,6,7,2011,11,14,2011,1,1,17,4,8,1,1,mic-1.0
4709,9,11,2012,9,11,2012,0,0,17,4,8,1,1,mic-1.0
4711,5,16,2012,7,25,2012,0,0,16,4,8,1,1,mic-1.0
4712,11,29,2013,11,29,2013,0,0,8,3,8,1,1,mic-1.0
4713,1,3,2011,1,3,2011,0,0,12,3,8,1,1,mic-1.0
4714,5,28,2014,6,2,2014,1,1,17,4,8,1,1,mic-1.0
4715,1,9,2011,1,10,2011,0,0,16,4,8,1,1,mic-1.0
4716,9,21,2013,9,21,2013,0,0,16,4,8,1,1,mic-1.0
4717,5,21,2014,5,21,2014,0,0,7,3,8,1,1,mic-1.0
4718,7,17,2012,10,2,2013,3,3,17,4,8,1,1,mic-1.0
4719,4,15,2013,12,21,2013,0,0,15,4,8,1,1,mic-1.0
4720,6,29,2014,9,11,2014,0,0,12,3,8,1,1,mic-1.0
4721,4,1,2012,4,2,2012,0,0,10,3,8,2,1,mic-1.0
4722,1,13,2011,1,13,2011,0,0,7,3,8,1,1,mic-1.0
4723,10,4,2012,10,4,2012,0,0,7,3,8,1,1,mic-1.0
4724,4,10,2013,4,11,2013,0,0,8,3,8,2,1,mic-1.0
4725,7,14,2014,7,14,2014,0,0,8,3,8,1,1,mic-1.0
4726,11,11,2014,11,11,2014,0,0,16,4,8,1,1,mic-1.0
9001,12,23,1947,12,23,1947,0,0,7,3,5,1,1,mic-1.0
9002,8,5,1948,9,6,1948,0,0,7,3,5,1,1,mic-1.0
9003,10,22,1949,4,8,1950,10,10,16,4,5,1,1,mic-1.0
9004,11,6,1951,10,7,1952,30,30,16,4,5,1,1,mic-1.0
9005,7,29,1953,7,29,1953,17,17,16,4,5,1,1,mic-1.0
9006,9,4,1954,6,23,1955,14,14,16,4,5,1,1,mic-1.0
9007,9,10,1956,9,10,1956,0,0,16,4,5,1,1,mic-1.0
9009,1,-9,2000,1,-9,2000,0,0,12,3,6,1,1,mic-1.0
9010,5,9,1980,5,9,1980,4,4,16,4,5,1,1,mic-1.0
9013,5,-9,1982,5,-9,1982,0,0,10,3,5,1,1,mic-1.0
9014,4,-9,1976,4,-9,1976,0,0,11,3,5,1,1,mic-1.0
9017,7,9,1872,7,9,1872,0,0,15,4,1,2,1,mic-1.0
9020,5,23,1988,11,19,1988,0,0,14,4,5,1,1,mic-1.0
9023,2,28,1979,2,28,1979,0,0,8,3,5,1,1,mic-1.0
9024,5,11,1860,5,11,1860,0,0,7,3,1,1,1,mic-1.0
9804,7,16,2002,7,16,2002,0,0,11,3,5,1,1,mic-1.0
9806,4,21,2004,4,21,2004,0,0,12,3,5,1,1,mic-1.0
9807,12,2,2004,12,2,2004,0,0,11,3,5,1,1,mic-1.0
9809,11,-9,2004,11,-9,2004,0,0,17,4,5,1,1,mic-1.0
9811,8,13,2004,8,13,2004,0,0,16,4,5,1,1,mic-1.0
9814,9,19,2007,9,19,2007,0,0,1,2,5,1,1,mic-1.0
9818,9,6,2007,9,6,2007,0,0,7,3,5,1,1,mic-1.0
9820,2,22,2007,2,22,2007,0,0,11,3,5,1,1,mic-1.0
9823,11,2,2008,11,2,2008,0,0,11,3,5,1,1,mic-1.0
9824,5,17,2008,5,17,2008,0,0,7,3,5,1,1,mic-1.0
9826,5,10,2009,5,10,2009,0,0,16,4,5,1,1,mic-1.0
9830,10,-9,2003,10,-9,2003,0,0,16,4,5,1,1,mic-1.0
9831,1,18,2005,1,18,2005,1,1,16,4,5,1,1,mic-1.0
9833,1,2,2002,1,2,2002,0,0,11,3,5,1,1,mic-1.0
9834,1,9,2002,7,12,2002,0,0,17,4,5,1,1,mic-1.0
9835,1,11,2002,1,11,2002,0,0,16,4,5,1,1,mic-1.0
9836,1,4,2002,1,4,2002,0,0,11,3,5,1,1,mic-1.0
9837,1,24,2002,1,24,2002,0,0,7,3,5,1,1,mic-1.0
9838,2,7,2002,2,7,2002,0,0,1,2,5,1,1,mic-1.0
9839,2,-9,2002,2,-9,2002,0,0,12,3,5,1,1,mic-1.0
9840,2,22,2002,2,22,2002,0,0,8,3,5,1,1,mic-1.0
9842,3,7,2002,3,7,2002,0,0,11,3,5,1,1,mic-1.0
9844,4,27,2002,4,27,2002,0,0,7,3,5,1,1,mic-1.0
9846,6,29,2002,6,29,2002,0,0,7,3,5,1,1,mic-1.0
9847,9,2,2002,9,2,2002,0,0,11,3,5,1,1,mic-1.0
9849,9,-9,2002,9,-9,2002,0,0,15,4,7,1,1,mic-1.0
9850,10,4,2002,10,4,2002,0,0,7,3,5,1,1,mic-1.0
9851,10,14,2002,10,14,2002,0,0,11,3,5,1,1,mic-1.0
9852,10,-9,2002,10,-9,2002,0,0,11,3,5,1,1,mic-1.0
9853,10,31,2002,10,31,2002,0,0,11,3,5,1,1,mic-1.0
9855,12,2,2002,12,2,2002,0,0,4,2,5,1,1,mic-1.0
9857,1,5,2003,1,5,2003,10,10,16,4,5,1,1,mic-1.0
9858,3,1,2003,3,1,2003,0,0,12,3,5,1,1,mic-1.0
9859,3,12,2003,3,12,2003,0,0,11,3,5,1,1,mic-1.0
9860,4,7,2003,4,7,2003,0,0,16,4,5,1,1,mic-1.0
9861,4,5,2003,4,5,2003,0,0,16,4,5,1,1,mic-1.0
9862,5,9,2003,5,9,2003,0,0,7,3,5,1,1,mic-1.0
9863,5,26,2003,5,26,2003,0,0,11,3,5,1,1,mic-1.0
9865,7,11,2003,7,11,2003,0,0,12,3,5,1,1,mic-1.0
9867,9,26,2003,9,26,2003,0,0,7,3,5,1,1,mic-1.0
9868,10,24,2003,11,1,2003,0,0,7,3,5,1,1,mic-1.0
9869,10,31,2003,10,31,2003,0,0,11,3,5,1,1,mic-1.0
9870,12,10,2003,6,2,2004,0,0,16,4,5,1,1,mic-1.0
9871,12,17,2003,12,17,2003,0,0,8,3,5,1,1,mic-1.0
9872,12,20,2003,12,20,2003,0,0,16,4,5,1,1,mic-1.0
9873,11,20,2003,12,17,2003,0,0,16,4,5,1,1,mic-1.0
9874,3,17,2004,3,17,2004,0,0,11,3,5,1,1,mic-1.0
9875,5,1,2004,5,1,2004,0,0,11,3,5,1,1,mic-1.0
9877,5,22,2004,5,22,2004,0,0,12,3,5,1,1,mic-1.0
9881,5,3,2006,10,19,2006,0,0,16,4,5,1,1,mic-1.0
9882,10,25,2006,10,25,2006,3,5,17,4,5,1,1,mic-1.0
9884,11,10,2009,12,22,2009,10,10,16,4,5,1,1,mic-1.0
9885,1,24,2010,1,24,2010,0,0,17,4,5,1,1,mic-1.0
9887,5,22,1999,9,-9,1999,51,121,17,4,5,1,1,mic-1.0
9888,3,-9,1988,3,23,1988,0,0,16,4,6,1,2,mic-1.0
9889,5,5,2000,6,11,2000,4,180,17,4,8,1,1,mic-1.0
9890,12,-9,1967,8,7,1969,1,1,17,4,5,1,1,mic-1.0
9901,12,-9,1995,7,-9,1996,4,40,17,4,8,1,1,mic-1.0
9902,12,10,1998,10,1,1999,13,59,17,4,5,1,1,mic-1.0
9903,3,26,2004,9,24,2010,131,450,17,4,5,1,1,mic-1.0
9904,9,25,1997,9,25,1997,0,0,16,4,5,1,1,mic-1.0
9905,11,9,2001,12,-9,2001,10,10,16,4,8,1,1,mic-1.0
9906,9,26,1995,2,23,1996,0,0,17,4,5,1,1,mic-1.0
9907,9,7,2007,9,7,2007,0,0,16,4,5,1,1,mic-1.0
9908,1,31,2011,12,19,2011,0,0,17,4,5,1,1,mic-1.0
9916,4,14,1864,10,-9,1864,0,0,14,4,5,1,1,mic-1.0
9940,2,1,1841,2,1,1841,0,0,1,2,5,1,1,mic-1.0
9941,3,-9,1904,5,16,1904,0,0,14,4,6,1,1,mic-1.0
9942,7,19,1939,8,8,1939,0,0,16,4,1,1,1,mic-1.0
9943,10,-9,1935,11,30,1935,0,0,16,4,1,1,1,mic-1.0
9944,6,6,1902,12,3,1902,0,0,14,4,5,1,1,mic-1.0
9945,6,26,1903,12,23,1903,4,4,16,4,5,1,1,mic-1.0
9946,10,4,1859,1,25,1860,0,0,14,4,1,1,1,mic-1.0
9947,5,-9,1975,12,7,1975,0,0,17,4,5,1,1,mic-1.0
